,embedding_d,channels,train_split,mse,mae,r2
0,32,32,0.1,0.13100877,0.2852908,-0.26647618874146484
1,32,32,0.1,0.12291789,0.26715764,-0.13686858772391597
2,32,32,0.1,0.13352793,0.27697504,-0.23614474520806072
3,32,32,0.1,0.11658368,0.26301476,-0.11809450247210207
4,32,32,0.1,0.1262472,0.29004806,-0.2257985202742787
5,32,32,0.1,0.11936857,0.2844973,-0.13507553878598388
6,32,32,0.1,0.13993685,0.26917988,-0.29699588127143484
7,32,32,0.1,0.11433977,0.25632784,-0.07255261592418649
8,32,32,0.1,0.12976007,0.30253547,-0.26917706567957933
9,32,32,0.1,0.14444815,0.3140307,-0.38025788594597154
10,32,32,0.1,0.13728587,0.29881722,-0.3539720682884273
11,32,32,0.1,0.11944496,0.2725299,-0.11427889849175732
12,32,32,0.1,0.11216645,0.26114747,-0.08924237827372661
13,32,32,0.1,0.30559596,0.45483482,-2.6501541083653986
14,32,32,0.1,0.14287363,0.2881676,-0.3090339024009039
15,32,32,0.1,0.112193294,0.266187,-0.09125162278801913
16,32,32,0.1,0.19910115,0.36117753,-0.9813507932072094
17,32,32,0.1,0.10837707,0.25037843,-0.03217486053389673
18,32,32,0.1,0.10889707,0.27187905,-0.018764352680514795
19,32,32,0.1,0.11224447,0.263297,-0.05857616353883999
20,32,32,0.1,0.122437075,0.27527457,-0.20727234872963685
21,32,32,0.1,0.13106145,0.2956947,-0.7479727908696097
22,32,32,0.1,0.11198581,0.28053614,-0.09813388780661847
23,32,32,0.1,0.14924258,0.3208612,-0.45800558669428315
24,32,32,0.1,0.117975555,0.2796909,-0.18990558248781353
25,32,32,0.1,0.12515898,0.27508008,-0.23864943717229936
26,32,32,0.1,0.12764123,0.27881414,-0.2372601004860877
27,32,32,0.1,0.11270792,0.26696345,-0.05839528978988118
28,32,32,0.1,0.11141676,0.26223472,-0.05845190699213121
29,32,32,0.1,0.126786,0.2650218,-0.21807105436833996
30,32,32,0.1,0.12637606,0.25657398,-0.18699618681355212
31,32,32,0.1,0.1263632,0.30098882,-0.21680802353317552
32,32,32,0.1,0.12415283,0.2596127,-0.16765931291443326
33,32,32,0.1,0.13431494,0.2998795,-0.3043078299995601
34,32,32,0.1,0.11206475,0.27389926,-0.08683943678814421
35,32,32,0.1,0.11705411,0.27363,-0.09240015276849212
36,32,32,0.1,0.13099147,0.29847977,-0.25465182911323136
37,32,32,0.1,0.11329188,0.2769373,-0.07227927754733487
38,32,32,0.1,0.121523015,0.2869892,-0.15350433106930272
39,32,32,0.1,0.16219988,0.30190942,-0.5211858777848684
40,32,32,0.1,0.118094884,0.2708907,-0.14908580095909052
41,32,32,0.1,0.24092093,0.36461848,-1.339181638906255
42,32,32,0.1,0.09821715,0.25246167,0.011382383119539319
43,32,32,0.1,0.119271845,0.26406872,-0.12062127297583358
44,32,32,0.1,0.19041245,0.34603253,-1.476543020356671
45,32,32,0.1,0.16487858,0.32213426,-0.6011041637194563
46,32,32,0.1,0.12016815,0.2554641,-0.16175140871046634
47,32,32,0.1,0.119408205,0.28504056,-0.16188460925720216
48,32,32,0.1,0.11158736,0.26998666,-0.061148347575767925
49,32,32,0.1,0.10998418,0.25793666,-0.037618615431701086
50,32,32,0.2,0.11128139,0.2739717,-0.09408196933214774
51,32,32,0.2,0.102543324,0.24451342,-0.2961331596907515
52,32,32,0.2,0.12315411,0.26647127,-0.16552126667446387
53,32,32,0.2,0.11312364,0.26665783,-0.037984257325547555
54,32,32,0.2,0.11325844,0.26326072,-0.0448962337191281
55,32,32,0.2,0.1244884,0.29432127,-0.19888969807610035
56,32,32,0.2,0.109105095,0.24766731,-0.2952637381704357
57,32,32,0.2,0.1145294,0.25758404,-0.08372277277958928
58,32,32,0.2,0.09160158,0.25557977,-0.22383384267956719
59,32,32,0.2,0.11327927,0.25024393,-0.044882489775933454
60,32,32,0.2,0.116722375,0.25605977,-0.0807773638757523
61,32,32,0.2,0.117815115,0.28386146,-0.1302432423834381
62,32,32,0.2,0.12013558,0.27968,-0.19989264824781428
63,32,32,0.2,0.11072853,0.2552737,-0.054765282650449665
64,32,32,0.2,0.110620104,0.2579822,-0.12436778993258524
65,32,32,0.2,0.14006282,0.27569124,-0.2481072975162828
66,32,32,0.2,0.109534554,0.26380607,-0.08104469805383197
67,32,32,0.2,0.18605539,0.3367807,-0.7726909127351538
68,32,32,0.2,0.11036401,0.26304486,-0.043502865962384174
69,32,32,0.2,0.13703726,0.3142601,-0.5532092656694025
70,32,32,0.2,0.15037262,0.3191496,-0.6475805432134336
71,32,32,0.2,0.13376817,0.28729504,-0.18646634056233524
72,32,32,0.2,0.126294,0.28637424,-0.12789213071190186
73,32,32,0.2,0.1062835,0.25159383,-0.20210119375745084
74,32,32,0.2,0.13682382,0.29532182,-0.24655237974071254
75,32,32,0.2,0.12420095,0.29273358,-0.24999897819600436
76,32,32,0.2,0.14703505,0.2850579,-0.3459062750944015
77,32,32,0.2,0.14523862,0.27756202,-0.2760686298467325
78,32,32,0.2,0.10718781,0.2630629,-0.4340680112316202
79,32,32,0.2,0.11662074,0.2778482,-0.30058581102722326
80,32,32,0.2,0.12923253,0.29279986,-0.1655353580236667
81,32,32,0.2,0.14757928,0.31231704,-1.0350604468298261
82,32,32,0.2,0.1296365,0.26051512,-0.26918748377879353
83,32,32,0.2,0.07770377,0.22514348,-0.09603014822558786
84,32,32,0.2,0.13963743,0.27758318,-0.2572910876621608
85,32,32,0.2,0.12031806,0.28655297,-0.1670629303933806
86,32,32,0.2,0.11006256,0.23989293,-0.2890450365890751
87,32,32,0.2,0.12849772,0.27154726,-0.17186510781994446
88,32,32,0.2,0.11399903,0.25490034,-0.28475556028182236
89,32,32,0.2,0.10985167,0.26271892,-0.041270227025306694
90,32,32,0.2,0.11487852,0.2635109,-0.03114080741949299
91,32,32,0.2,0.11825289,0.25472867,-0.13852537400290266
92,32,32,0.2,0.1592981,0.3176408,-0.439960792545254
93,32,32,0.2,0.120269574,0.26562288,-0.08522485797538115
94,32,32,0.2,0.12391679,0.29031354,-0.4771342353640231
95,32,32,0.2,0.10712402,0.2644898,-0.035364196356744815
96,32,32,0.2,0.10920238,0.25612783,0.013638212577966935
97,32,32,0.2,0.11048236,0.26755112,-0.061174045203135075
98,32,32,0.2,0.101668015,0.2607004,-0.003035491031455617
99,32,32,0.2,0.106876224,0.26226768,-0.012175243127488633
100,32,32,0.3,0.1086703,0.26107395,0.020069262133499355
101,32,32,0.3,0.12057142,0.26630557,-0.08782588225537191
102,32,32,0.3,0.07973034,0.23206304,-0.046134280583081555
103,32,32,0.3,0.09459885,0.24073766,-0.10198153100124929
104,32,32,0.3,0.11697451,0.2614353,0.01845349326069179
105,32,32,0.3,0.13271204,0.2705911,-0.17097441606371744
106,32,32,0.3,0.10594887,0.25288826,-0.26428038006186383
107,32,32,0.3,0.11525761,0.25686523,-0.00660802524718318
108,32,32,0.3,0.13738789,0.27516118,-0.09899542538193185
109,32,32,0.3,0.113435075,0.26747108,-0.041408704023478515
110,32,32,0.3,0.104138575,0.2555912,-0.08735740232745948
111,32,32,0.3,0.12303271,0.27033848,-0.05363964895115059
112,32,32,0.3,0.11153627,0.26215398,-0.02409898214648276
113,32,32,0.3,0.08084368,0.22873579,-0.10685856459925835
114,32,32,0.3,0.12104916,0.27362534,-0.05046303408294417
115,32,32,0.3,0.11343163,0.25225106,-0.007620773699678729
116,32,32,0.3,0.105072536,0.25360224,-0.05448731764205883
117,32,32,0.3,0.123694174,0.28485805,-0.08485764037180643
118,32,32,0.3,0.08994038,0.22850339,0.043541286096433485
119,32,32,0.3,0.11942242,0.25787702,-0.09304090947199084
120,32,32,0.3,0.08208373,0.24179488,-0.20060410307994392
121,32,32,0.3,0.08619588,0.24566248,-0.12445479961802408
122,32,32,0.3,0.12274748,0.26905373,-0.049925648831878444
123,32,32,0.3,0.10254957,0.25652403,0.08577340106098075
124,32,32,0.3,0.13156144,0.2841622,-0.08152586593337285
125,32,32,0.3,0.21124677,0.35375443,-0.8500654016215374
126,32,32,0.3,0.13457206,0.27508357,-0.09423375604309991
127,32,32,0.3,0.1236343,0.2687808,-0.034056763456816075
128,32,32,0.3,0.13236302,0.28330955,-0.12395414902884894
129,32,32,0.3,0.10966536,0.27128485,-0.40471320682457224
130,32,32,0.3,0.14036551,0.29847184,-0.19842403412336918
131,32,32,0.3,0.10448251,0.27350774,-0.2376041871018073
132,32,32,0.3,0.09336238,0.24763073,-0.09093926501638494
133,32,32,0.3,0.11097709,0.26862815,-0.11662743899687178
134,32,32,0.3,0.1532235,0.31509563,-0.3793271753434422
135,32,32,0.3,0.13930517,0.3207396,-0.3245540881028697
136,32,32,0.3,0.11254358,0.26405114,-0.36060622460669767
137,32,32,0.3,0.12379543,0.27595904,0.002162480953702528
138,32,32,0.3,0.09645981,0.2536716,-0.2013685362020481
139,32,32,0.3,0.10353028,0.2600952,-0.03794183443764476
140,32,32,0.3,0.10539846,0.25204757,0.08077932583624159
141,32,32,0.3,0.13949987,0.31879973,-0.6451157673144388
142,32,32,0.3,0.12203444,0.27274537,-0.1516231837323483
143,32,32,0.3,0.11858592,0.27513888,-0.11105506465262382
144,32,32,0.3,0.11839396,0.27541098,-0.04425459964638501
145,32,32,0.3,0.14781073,0.2921721,-0.30944413109383695
146,32,32,0.3,0.089025885,0.23526363,-0.22686916955578185
147,32,32,0.3,0.13306598,0.276711,-0.12352326783749756
148,32,32,0.3,0.09904712,0.24750206,-0.1994396542092738
149,32,32,0.3,0.121993355,0.27154136,-0.29848635485897757
150,32,32,0.4,0.1145587,0.27370825,-0.05667956126882334
151,32,32,0.4,0.12576328,0.2821071,-0.05022175654989125
152,32,32,0.4,0.0832881,0.23895197,-0.11328754364006155
153,32,32,0.4,0.13404061,0.28796238,-0.7898301789816697
154,32,32,0.4,0.06789329,0.21158333,0.050660615401716624
155,32,32,0.4,0.08902031,0.24670103,-0.0841287703770035
156,32,32,0.4,0.09946536,0.24423985,0.0035265489014416618
157,32,32,0.4,0.115432136,0.26201218,-0.13584008737449982
158,32,32,0.4,0.12522627,0.2730117,-0.18284588088476794
159,32,32,0.4,0.10235656,0.24533328,-0.052868122391314776
160,32,32,0.4,0.14902546,0.29985207,-0.15238956461648945
161,32,32,0.4,0.079941735,0.22364946,0.020596593341770997
162,32,32,0.4,0.101958066,0.2515308,-0.032151998749474275
163,32,32,0.4,0.108496934,0.2382605,-0.3043946046738317
164,32,32,0.4,0.117230065,0.2643383,0.009936373868044912
165,32,32,0.4,0.111512795,0.25706273,0.057114352398481616
166,32,32,0.4,0.13766302,0.27769536,-0.0959838607379524
167,32,32,0.4,0.12286173,0.2637963,-0.07810178154490166
168,32,32,0.4,0.11876356,0.26782218,-0.0761857229137779
169,32,32,0.4,0.14925253,0.3076946,-0.7449105505860132
170,32,32,0.4,0.14508633,0.29441875,-0.12179312125427622
171,32,32,0.4,0.14079851,0.32192346,-0.935945246529361
172,32,32,0.4,0.06331754,0.2024222,0.09859764073260902
173,32,32,0.4,0.1580637,0.3110282,-0.3063296513489957
174,32,32,0.4,0.14237805,0.28872392,-0.11739067702033101
175,32,32,0.4,0.09924613,0.24667121,-0.15077298352796076
176,32,32,0.4,0.10989672,0.2456483,0.005320527109159534
177,32,32,0.4,0.124206826,0.27766702,0.07804602713480879
178,32,32,0.4,0.11637719,0.26902607,0.07208841873490002
179,32,32,0.4,0.121829435,0.27763477,-0.18499955724342754
180,32,32,0.4,0.14045475,0.28817907,-0.22117395221921665
181,32,32,0.4,0.12484536,0.2688237,-0.12109424734541485
182,32,32,0.4,0.14237642,0.2874737,-0.10503444320858502
183,32,32,0.4,0.116922386,0.26726165,-0.01082957094637016
184,32,32,0.4,0.13412641,0.28092805,-0.11431872161810541
185,32,32,0.4,0.11584171,0.2604096,-0.01067012370772824
186,32,32,0.4,0.118076906,0.26672897,-0.12100491612068742
187,32,32,0.4,0.074568704,0.21697083,-0.09203231085121377
188,32,32,0.4,0.15185294,0.3302967,-0.43150893032935356
189,32,32,0.4,0.106407195,0.2607621,0.0017300520583405365
190,32,32,0.4,0.1352641,0.28997764,-0.06467945986088286
191,32,32,0.4,0.12449717,0.29059386,-0.106767308077232
192,32,32,0.4,0.13108277,0.27565825,-0.12784677398469557
193,32,32,0.4,0.10355257,0.26510248,0.12577734124482942
194,32,32,0.4,0.12701131,0.28442475,-0.09082521540266297
195,32,32,0.4,0.08167329,0.2373517,-0.022404280440575297
196,32,32,0.4,0.105752416,0.2626628,-0.1339236833011599
197,32,32,0.4,0.087461285,0.23396757,-0.0893037476536902
198,32,32,0.4,0.09352689,0.2553497,-0.22234027867735118
199,32,32,0.4,0.13904567,0.30039662,-0.12151880535278825
200,32,32,0.5,0.06581533,0.21448085,-0.22581458583376235
201,32,32,0.5,0.11375487,0.27946642,-0.487724916193746
202,32,32,0.5,0.1097428,0.27343896,0.140357795125028
203,32,32,0.5,0.1304322,0.28316662,-0.05380602892230102
204,32,32,0.5,0.11191071,0.2535535,0.08597349042480551
205,32,32,0.5,0.09826035,0.2555604,-0.6445303536936764
206,32,32,0.5,0.1360884,0.2851115,-0.0703582873571511
207,32,32,0.5,0.123781666,0.26731285,0.018281712168964348
208,32,32,0.5,0.096259944,0.27208427,-0.3143902368209426
209,32,32,0.5,0.13441408,0.27617297,-0.11925456232724851
210,32,32,0.5,0.09370621,0.24392486,0.20487670910014089
211,32,32,0.5,0.13798116,0.28674948,-0.1534735422165754
212,32,32,0.5,0.1054586,0.26653036,-0.09276741372398267
213,32,32,0.5,0.088156335,0.266941,-0.052500610237073975
214,32,32,0.5,0.0735887,0.21995723,-0.10914596830091017
215,32,32,0.5,0.1352183,0.29535303,-0.20356757942529402
216,32,32,0.5,0.0846331,0.2425184,-0.10559108062559686
217,32,32,0.5,0.13849118,0.2944944,-0.02511172818590368
218,32,32,0.5,0.1245504,0.27405658,-0.36128892259436873
219,32,32,0.5,0.08445786,0.234165,-0.06488053627692003
220,32,32,0.5,0.14159517,0.28125235,-0.37026283234216883
221,32,32,0.5,0.11189333,0.26323843,-0.03541956862694584
222,32,32,0.5,0.12303612,0.2627552,-0.06574242987995049
223,32,32,0.5,0.15169811,0.31304282,-0.10816843919278951
224,32,32,0.5,0.09074468,0.24204017,-0.11584712885709703
225,32,32,0.5,0.079011224,0.24807408,-0.03296608582425553
226,32,32,0.5,0.12876634,0.27491924,0.022015747011074338
227,32,32,0.5,0.120764636,0.2739308,-0.1659033522510278
228,32,32,0.5,0.08279625,0.24543819,-0.025787596767992804
229,32,32,0.5,0.12903805,0.2884261,0.0610551491155894
230,32,32,0.5,0.06436966,0.19355655,0.006006722120125096
231,32,32,0.5,0.07812494,0.22627972,0.002547945363904902
232,32,32,0.5,0.08705079,0.23432712,-0.20710890004027438
233,32,32,0.5,0.11382381,0.2607915,-0.0924025573496603
234,32,32,0.5,0.08428967,0.24856544,-0.017596004592416836
235,32,32,0.5,0.058133718,0.20645364,-0.021548472530686258
236,32,32,0.5,0.12601297,0.2947766,0.03235658228095595
237,32,32,0.5,0.113908105,0.2503465,-0.029240025383457047
238,32,32,0.5,0.077465154,0.22711654,-0.0068970838129991385
239,32,32,0.5,0.13810113,0.28663874,0.0083257324974777
240,32,32,0.5,0.08562842,0.25695357,-0.20217077993495747
241,32,32,0.5,0.12823845,0.28098318,-0.039956350688892917
242,32,32,0.5,0.124742374,0.27765667,-0.03170879698352347
243,32,32,0.5,0.12215662,0.2689557,0.06882767950901725
244,32,32,0.5,0.086641945,0.22576293,-0.09313825874917381
245,32,32,0.5,0.12268091,0.2891441,-0.3283857625280686
246,32,32,0.5,0.13321933,0.29741147,-0.6209892370082477
247,32,32,0.5,0.11818826,0.26292938,-0.04274831748375796
248,32,32,0.5,0.15693991,0.2994596,-0.3111981801838679
249,32,32,0.5,0.11209335,0.26256168,0.04746171612415928
250,32,32,0.1,0.10925197,0.24856266,-0.10844712844423654
251,32,32,0.1,0.1592642,0.321123,-0.5968144813951393
252,32,32,0.1,0.1269584,0.28884068,-0.549989378380026
253,32,32,0.1,0.12743379,0.26851648,-0.2749993448841681
254,32,32,0.1,0.12069499,0.27626872,-0.19319332451071136
255,32,32,0.1,0.10548635,0.24092564,-0.0011465525814933208
256,32,32,0.1,0.12313369,0.2691601,-0.26446784369034604
257,32,32,0.1,0.107465394,0.26204222,-0.05778109893970207
258,32,32,0.1,0.12588549,0.2727875,-0.25542319910927014
259,32,32,0.1,0.12007191,0.25759462,-0.13195761869465805
260,32,32,0.1,0.12636557,0.2677332,-0.25767656209317735
261,32,32,0.1,0.12745398,0.26265937,-0.248058581296565
262,32,32,0.1,0.13423665,0.28465024,-0.432011257980075
263,32,32,0.1,0.120305724,0.27943772,-0.28001145076005196
264,32,32,0.1,0.10648465,0.25020134,-0.004272840170209902
265,32,32,0.1,0.17013165,0.3444882,-1.2932866967306706
266,32,32,0.1,0.10317582,0.25518212,-0.025616176242224675
267,32,32,0.1,0.12723683,0.26191732,-0.2196426269695646
268,32,32,0.1,0.11157192,0.25143757,-0.09487267599674531
269,32,32,0.1,0.10994625,0.2611108,-0.08930212251752834
270,32,32,0.1,0.117899396,0.27249756,-0.2270483506052865
271,32,32,0.1,0.109177746,0.25346437,-0.023314135620830845
272,32,32,0.1,0.12881114,0.27097604,-0.2348329563985998
273,32,32,0.1,0.14318222,0.29765156,-0.4378553016993618
274,32,32,0.1,0.12008138,0.26942274,-0.14481021298245267
275,32,32,0.1,0.14537829,0.30807015,-0.6122690682689205
276,32,32,0.1,0.1728586,0.31562203,-1.1979735991094467
277,32,32,0.1,0.108910866,0.25525802,-0.059455535154560035
278,32,32,0.1,0.16348357,0.31015682,-0.580285088206022
279,32,32,0.1,0.11286368,0.25474116,-0.05042057742458739
280,32,32,0.1,0.15094803,0.32450712,-0.5244968024758627
281,32,32,0.1,0.15847133,0.30963647,-0.5767716046544302
282,32,32,0.1,0.14244337,0.2779364,-0.3837938366104692
283,32,32,0.1,0.12522027,0.28992283,-0.20126642368438508
284,32,32,0.1,0.16635007,0.34386843,-0.7619774528212109
285,32,32,0.1,0.111092046,0.25859737,-0.07108935961698437
286,32,32,0.1,0.12912315,0.2967923,-0.29709028665167425
287,32,32,0.1,0.14774285,0.28911346,-0.4293671627039948
288,32,32,0.1,0.10812855,0.25664836,-0.03707065964665279
289,32,32,0.1,0.17111,0.3363513,-0.6773025281676048
290,32,32,0.1,0.1172995,0.27101344,-0.23211208343072975
291,32,32,0.1,0.10473773,0.25749797,-0.0704442099641931
292,32,32,0.1,0.105929606,0.25187373,-0.01344856951495732
293,32,32,0.1,0.13058668,0.26390362,-0.25678757145300724
294,32,32,0.1,0.09819564,0.25800982,-0.34281437560098826
295,32,32,0.1,0.1341022,0.2955367,-0.30895118514896747
296,32,32,0.1,0.13556021,0.26979327,-0.2943881820149883
297,32,32,0.1,0.14608899,0.3156202,-0.5728215141795632
298,32,32,0.1,0.120648995,0.27847698,-0.1798551753341553
299,32,32,0.1,0.20194025,0.38474885,-1.3028052089076123
300,32,32,0.2,0.13619861,0.29430538,-0.2513633476620991
301,32,32,0.2,0.11291485,0.27058452,-0.10644437035854803
302,32,32,0.2,0.1226721,0.28127003,-0.12707335774683015
303,32,32,0.2,0.13573626,0.30019337,-0.5269678376211164
304,32,32,0.2,0.13075237,0.2827438,-0.36309714952641703
305,32,32,0.2,0.10509794,0.25766155,0.012435403856968619
306,32,32,0.2,0.11644724,0.26542526,-0.05193719009932485
307,32,32,0.2,0.106773525,0.25648803,-0.05107150486677736
308,32,32,0.2,0.104986265,0.24171925,-0.013393652306248116
309,32,32,0.2,0.13420404,0.30016208,-0.28716308664839807
310,32,32,0.2,0.10643592,0.2637432,-0.21595400216181115
311,32,32,0.2,0.122719355,0.28912964,-0.19014839104888503
312,32,32,0.2,0.13464384,0.26971278,-0.26537182366878587
313,32,32,0.2,0.0942878,0.2313153,0.02257748278208649
314,32,32,0.2,0.112492494,0.26982352,-0.09091409980768073
315,32,32,0.2,0.11023144,0.26014772,-0.08974377103230369
316,32,32,0.2,0.09395633,0.24180596,0.05864935679706573
317,32,32,0.2,0.101808,0.24349943,0.003875741878849759
318,32,32,0.2,0.11367684,0.26470247,-0.08817946968045232
319,32,32,0.2,0.117640585,0.2595276,-0.08137401426448698
320,32,32,0.2,0.13869286,0.29503894,-0.443580754195422
321,32,32,0.2,0.10808077,0.2445011,-0.07285676396464735
322,32,32,0.2,0.09726392,0.23360881,-0.2221850962795795
323,32,32,0.2,0.1187643,0.27331805,-0.16272310042843108
324,32,32,0.2,0.11465429,0.27425426,-0.17076348052207235
325,32,32,0.2,0.1378438,0.27887914,-0.22520014264668542
326,32,32,0.2,0.15705468,0.31704545,-0.5581549005287127
327,32,32,0.2,0.12785082,0.2913433,-0.3242134885757739
328,32,32,0.2,0.15782194,0.31534582,-0.5917068259990241
329,32,32,0.2,0.1605873,0.29572403,-0.6039674261209724
330,32,32,0.2,0.10401208,0.24347587,-0.02594192080565705
331,32,32,0.2,0.080903575,0.23543516,-0.0798992172526054
332,32,32,0.2,0.12093179,0.25634232,-0.11589066418975569
333,32,32,0.2,0.12900777,0.2574093,-0.18304313890133161
334,32,32,0.2,0.11369587,0.26514217,-0.02463738504784585
335,32,32,0.2,0.12917162,0.2948902,-0.28531507277628076
336,32,32,0.2,0.118660115,0.27715155,-0.1219986115382794
337,32,32,0.2,0.10480256,0.2638229,-0.3314478656827251
338,32,32,0.2,0.1209183,0.2628407,-0.17009471027601997
339,32,32,0.2,0.08113953,0.24046,-0.08519795182747036
340,32,32,0.2,0.10730323,0.26398668,-0.05011243235732277
341,32,32,0.2,0.11088298,0.25682864,-0.020452521131240742
342,32,32,0.2,0.12772231,0.27017075,-0.29409854808374547
343,32,32,0.2,0.13246964,0.27684128,-0.6111027731478955
344,32,32,0.2,0.100028045,0.24250263,0.04462073420298962
345,32,32,0.2,0.12646163,0.29793334,-0.2507842639718789
346,32,32,0.2,0.10265229,0.25207132,-0.04779412088297019
347,32,32,0.2,0.111099005,0.26763088,-0.08446294553715505
348,32,32,0.2,0.09606599,0.23814277,-0.010491909104783703
349,32,32,0.2,0.102831624,0.23639557,0.0684563020251957
350,32,32,0.3,0.12700817,0.29249358,-0.16899376533730792
351,32,32,0.3,0.1239996,0.27277237,-0.47421346953499555
352,32,32,0.3,0.09633918,0.25380522,-0.313660767334079
353,32,32,0.3,0.111447915,0.2657078,0.016857228023945958
354,32,32,0.3,0.13602813,0.30305156,-0.375691704386492
355,32,32,0.3,0.15660526,0.33237216,-1.0652800088623793
356,32,32,0.3,0.13562687,0.29210383,-0.3299891442886904
357,32,32,0.3,0.2716922,0.42965534,-2.379706636749068
358,32,32,0.3,0.08683515,0.241804,0.011032661559205348
359,32,32,0.3,0.095230706,0.24736537,-0.13985549436954892
360,32,32,0.3,0.103485346,0.23695385,-0.026656087140221274
361,32,32,0.3,0.13259223,0.29351482,-0.35166863926288383
362,32,32,0.3,0.11272048,0.28497854,-0.36649553414955527
363,32,32,0.3,0.09084859,0.23519252,-0.23986625050852273
364,32,32,0.3,0.13155831,0.28578958,-0.13351242878977843
365,32,32,0.3,0.14174403,0.27657792,-0.22004793186164684
366,32,32,0.3,0.10462883,0.24728344,-0.14813063833961992
367,32,32,0.3,0.14245297,0.27953774,-0.21880080627199838
368,32,32,0.3,0.13814147,0.27459523,-0.1805616490323667
369,32,32,0.3,0.08467688,0.24619405,-0.0882052237609694
370,32,32,0.3,0.11689573,0.25958335,-0.031854156954459256
371,32,32,0.3,0.09698921,0.2551335,-0.2648555444020966
372,32,32,0.3,0.12847942,0.28241304,-0.17332827280800767
373,32,32,0.3,0.09741916,0.26118186,-0.17674418013289506
374,32,32,0.3,0.12151865,0.27855325,-0.13086483957645
375,32,32,0.3,0.11115187,0.24508299,-0.03987043577570337
376,32,32,0.3,0.1343302,0.27436444,-0.11639330192262021
377,32,32,0.3,0.11801719,0.26907367,-0.04301057173687739
378,32,32,0.3,0.075293936,0.21669962,-0.1297389117229335
379,32,32,0.3,0.105242886,0.2603391,-0.1631633006191069
380,32,32,0.3,0.1245643,0.28142527,-0.06169530573055115
381,32,32,0.3,0.098265916,0.24385671,0.11459687981718081
382,32,32,0.3,0.111368515,0.25190082,-0.012054654656238561
383,32,32,0.3,0.12721276,0.2808762,-0.09827683720958502
384,32,32,0.3,0.115031905,0.25987732,-0.34366452409257353
385,32,32,0.3,0.13321362,0.2964083,-0.3253666535289246
386,32,32,0.3,0.15268447,0.30254185,-0.3310144942111688
387,32,32,0.3,0.11888805,0.26054624,-0.03566702021233481
388,32,32,0.3,0.14602883,0.28148562,-0.173995041339843
389,32,32,0.3,0.090023376,0.2393265,-0.09977193302256326
390,32,32,0.3,0.11385212,0.26291153,-0.009493384983119357
391,32,32,0.3,0.1299238,0.26311135,-0.1474023061633276
392,32,32,0.3,0.094482906,0.25651017,-0.14723496724070007
393,32,32,0.3,0.117955275,0.27253395,-0.14003866054697212
394,32,32,0.3,0.08133591,0.24457781,-0.08703439390900858
395,32,32,0.3,0.11431027,0.270522,-0.22696522274051611
396,32,32,0.3,0.13240816,0.2832805,-0.17409808036302366
397,32,32,0.3,0.1292286,0.28458658,-0.1751709224442719
398,32,32,0.3,0.08263647,0.22388694,-0.10329485209365719
399,32,32,0.3,0.14663412,0.29953283,-0.442225424261218
400,32,32,0.4,0.07945011,0.23326853,-0.15565681329039904
401,32,32,0.4,0.114952914,0.2585006,-0.03913168648708831
402,32,32,0.4,0.13052694,0.29295605,-0.3984702065449581
403,32,32,0.4,0.11722766,0.25932398,-0.07005995412670107
404,32,32,0.4,0.10790256,0.2507317,0.0020887043989892273
405,32,32,0.4,0.10707478,0.25453672,-0.007130161071678298
406,32,32,0.4,0.12959018,0.27959737,-0.06071282102241282
407,32,32,0.4,0.11041299,0.26209363,-0.5339444995529457
408,32,32,0.4,0.09411614,0.2284727,-0.04351870139351677
409,32,32,0.4,0.10133491,0.2526943,0.029642162965374808
410,32,32,0.4,0.10254341,0.26434404,-0.4851990475350356
411,32,32,0.4,0.1450307,0.3039622,-0.11708754300987367
412,32,32,0.4,0.15876946,0.3014926,-0.4314027107927827
413,32,32,0.4,0.11621605,0.26574302,-0.037224918629409354
414,32,32,0.4,0.102115914,0.24779135,-0.0760032307156373
415,32,32,0.4,0.14775573,0.30240065,-0.11775524592597097
416,32,32,0.4,0.13405539,0.28671,-0.109782284303505
417,32,32,0.4,0.07017,0.2288295,0.036058291377779716
418,32,32,0.4,0.07455898,0.24273089,-0.19047705627639733
419,32,32,0.4,0.096482255,0.264647,-0.7233453662336968
420,32,32,0.4,0.09195812,0.2648832,-0.21669447489380267
421,32,32,0.4,0.09645769,0.24849625,-0.2542070046655298
422,32,32,0.4,0.09069662,0.2404454,-0.1977330611201238
423,32,32,0.4,0.08427762,0.2306191,-0.026351540232508963
424,32,32,0.4,0.13278367,0.27797395,-0.10134382204075609
425,32,32,0.4,0.10890585,0.2764219,-0.23191529111305642
426,32,32,0.4,0.11315994,0.24653277,-0.0627970287369708
427,32,32,0.4,0.057371724,0.19870822,-0.032888570096872405
428,32,32,0.4,0.091614805,0.24675977,-0.0802786217994782
429,32,32,0.4,0.070214964,0.21719208,-0.05915850809172829
430,32,32,0.4,0.1315898,0.3008176,-0.08375311949781361
431,32,32,0.4,0.11055567,0.26034492,0.0016947523586633428
432,32,32,0.4,0.105989985,0.25541505,-0.02437383856085118
433,32,32,0.4,0.112406515,0.29369086,-0.5034407878737261
434,32,32,0.4,0.10009622,0.2545127,-0.06473216461186504
435,32,32,0.4,0.122578904,0.26605102,-0.13253245811172154
436,32,32,0.4,0.080772035,0.22374435,-0.17658343646213948
437,32,32,0.4,0.14860184,0.29355145,-0.1267126494964308
438,32,32,0.4,0.1481525,0.3148733,-0.15245741918616829
439,32,32,0.4,0.07957066,0.23295265,0.004382150237054128
440,32,32,0.4,0.12245644,0.27093428,-0.26992507978593316
441,32,32,0.4,0.10756262,0.2566536,-0.07346750842294703
442,32,32,0.4,0.09963777,0.25292337,-0.08421353758441552
443,32,32,0.4,0.09692072,0.22644368,0.07020968264834704
444,32,32,0.4,0.122676425,0.27786407,-0.16396457679719245
445,32,32,0.4,0.119016945,0.27118146,-0.03506953933749468
446,32,32,0.4,0.09150479,0.24506336,-0.1431048327257427
447,32,32,0.4,0.11205957,0.271153,-0.373393271511131
448,32,32,0.4,0.0965991,0.25616014,-0.3674209785335565
449,32,32,0.4,0.10689563,0.265946,-0.06427240360046205
450,32,32,0.5,0.09411944,0.27173907,-0.3124451592979425
451,32,32,0.5,0.1294999,0.28289244,-0.07384752175664877
452,32,32,0.5,0.12378918,0.25679263,-0.14648426711693263
453,32,32,0.5,0.087497026,0.23148356,0.006299779088112301
454,32,32,0.5,0.1281232,0.27970737,-0.016729677122538256
455,32,32,0.5,0.12795404,0.26029444,-0.09104047503406432
456,32,32,0.5,0.068734005,0.22003375,-0.054971205586158645
457,32,32,0.5,0.09649708,0.2505986,0.02049532931250575
458,32,32,0.5,0.140031,0.28822038,-0.02895594149932057
459,32,32,0.5,0.08306399,0.23834617,0.08056783129981626
460,32,32,0.5,0.09765837,0.23853016,-0.2178290800554592
461,32,32,0.5,0.07891426,0.22675191,-0.2924648360009554
462,32,32,0.5,0.20084526,0.3527939,-1.900275866412524
463,32,32,0.5,0.13102056,0.27549142,-0.020362392818604746
464,32,32,0.5,0.11639238,0.26543352,0.061985384429324
465,32,32,0.5,0.094970584,0.24685836,-0.13079077818419482
466,32,32,0.5,0.1119907,0.2491796,-0.33068253151132376
467,32,32,0.5,0.094163306,0.25554997,-0.19850107023527652
468,32,32,0.5,0.12367147,0.2703113,-0.45619156282783124
469,32,32,0.5,0.14023183,0.2894207,0.007341452058393427
470,32,32,0.5,0.12778436,0.27850193,0.005225513641474722
471,32,32,0.5,0.11555717,0.2641223,0.011590881919195772
472,32,32,0.5,0.13643272,0.27756524,-0.08026659728189056
473,32,32,0.5,0.10444673,0.24468955,-0.18969121532349398
474,32,32,0.5,0.11497271,0.25205585,-0.06830276129633073
475,32,32,0.5,0.11795708,0.25224066,-0.10044813747996195
476,32,32,0.5,0.07700406,0.22246473,-0.232031965431855
477,32,32,0.5,0.10180826,0.2707109,-0.18607458774440233
478,32,32,0.5,0.110875055,0.27164167,-0.24023727502163172
479,32,32,0.5,0.09878969,0.24870528,-0.67952770202623
480,32,32,0.5,0.10299963,0.2559481,-0.2025321808161562
481,32,32,0.5,0.06865864,0.2131602,-0.08689919179793115
482,32,32,0.5,0.13648912,0.3003258,-0.43167379802080563
483,32,32,0.5,0.07470748,0.21862783,-0.056953586692812364
484,32,32,0.5,0.08188409,0.22329086,-0.241542515315615
485,32,32,0.5,0.14922263,0.2865962,-0.2753030921286843
486,32,32,0.5,0.13090436,0.27159792,-0.018038101387423344
487,32,32,0.5,0.11905723,0.25857943,-0.11260961203835063
488,32,32,0.5,0.077065386,0.23685138,-0.051761605266174904
489,32,32,0.5,0.12782016,0.29038832,-0.26733790206954544
490,32,32,0.5,0.08068376,0.23153557,-0.06455932636285766
491,32,32,0.5,0.09937095,0.2583505,-0.2092197806650451
492,32,32,0.5,0.13561708,0.2929301,-0.13970881217069642
493,32,32,0.5,0.13806033,0.27830362,-0.012194201173229224
494,32,32,0.5,0.08825333,0.24548213,-0.18855634102692753
495,32,32,0.5,0.10776954,0.23697312,-0.06069556470959592
496,32,32,0.5,0.11083796,0.2546015,0.016037512050275593
497,32,32,0.5,0.1036891,0.26383537,-0.22528852940025734
498,32,32,0.5,0.110811085,0.24963853,-0.044121679915118506
499,32,32,0.5,0.08068686,0.23232006,-0.08708157814644202
500,32,32,0.1,0.088988736,0.21353872,-0.0801855314813158
501,32,32,0.1,0.097493485,0.2133563,-0.21485729332435954
502,32,32,0.1,0.09010145,0.2196694,-0.1467671379139157
503,32,32,0.1,0.103956364,0.22743548,-0.32306602682689234
504,32,32,0.1,0.087005995,0.21400653,-0.0681365095904456
505,32,32,0.1,0.09100718,0.2060824,-0.12963322596141702
506,32,32,0.1,0.1099345,0.23684883,-0.4525872515046643
507,32,32,0.1,0.085806176,0.20411259,-0.05510348036061896
508,32,32,0.1,0.08281259,0.20495546,-0.05399219005758371
509,32,32,0.1,0.095120475,0.21850754,-0.17403254056411743
510,32,32,0.1,0.17864689,0.33373514,-2.1192040778813572
511,32,32,0.1,0.088775076,0.21943597,-0.1476122317271018
512,32,32,0.1,0.079780035,0.21111174,-0.02903298179167413
513,32,32,0.1,0.09794066,0.2228752,-0.24365738083728838
514,32,32,0.1,0.086024426,0.22648574,-0.11118515044221144
515,32,32,0.1,0.15350887,0.32405126,-1.1009853737559934
516,32,32,0.1,0.081815295,0.19745696,-0.08072318421432101
517,32,32,0.1,0.09960262,0.22266342,-0.2217118113500911
518,32,32,0.1,0.08730122,0.21084592,-0.06471767584218346
519,32,32,0.1,0.116337925,0.24750419,-0.5264594395730355
520,32,32,0.1,0.102977745,0.25816885,-0.5135953019110531
521,32,32,0.1,0.098865524,0.21849546,-0.27729666944658216
522,32,32,0.1,0.2225829,0.36507592,-3.2025397431904468
523,32,32,0.1,0.111212455,0.22967578,-0.38925757613807144
524,32,32,0.1,0.09036582,0.20401883,-0.12533111397321206
525,32,32,0.1,0.093992345,0.2172748,-0.15548586668136855
526,32,32,0.1,0.086509086,0.20697889,-0.11442545188945563
527,32,32,0.1,0.08755786,0.21931532,-0.13591712102875864
528,32,32,0.1,0.087557614,0.22131625,-0.5236843445128829
529,32,32,0.1,0.10331151,0.22392033,-0.2766788462367087
530,32,32,0.1,0.08138189,0.20410451,-0.006879314225821442
531,32,32,0.1,0.0957825,0.23090078,-0.2684484647985541
532,32,32,0.1,0.10010512,0.2546431,-0.429201293048171
533,32,32,0.1,0.08513839,0.2009422,-0.11609098745252311
534,32,32,0.1,0.08783196,0.22381458,-0.09546515570844827
535,32,32,0.1,0.105763435,0.23721841,-0.44513420520769387
536,32,32,0.1,0.10854167,0.26323706,-0.5627059804592185
537,32,32,0.1,0.11143886,0.2674678,-1.1493501623247862
538,32,32,0.1,0.08020063,0.2047068,-0.010510114289871808
539,32,32,0.1,0.10113273,0.25667813,-0.543310118553235
540,32,32,0.1,0.104460016,0.2258196,-0.32783365049554813
541,32,32,0.1,0.121784925,0.2779909,-0.7033687615784279
542,32,32,0.1,0.08076991,0.2066985,-0.0435294066544516
543,32,32,0.1,0.07637124,0.20408265,-0.011778047453761653
544,32,32,0.1,0.0875154,0.2073394,-0.08123444568363603
545,32,32,0.1,0.08757008,0.2352649,-0.09007232373781782
546,32,32,0.1,0.085472,0.21333803,-0.07965007641921784
547,32,32,0.1,0.0859959,0.21524955,-0.5073011100333158
548,32,32,0.1,0.11079055,0.24454036,-0.38775105847588476
549,32,32,0.1,0.1304441,0.302915,-1.0062702602002362
550,32,32,0.2,0.08568541,0.21095946,-0.01753380878878774
551,32,32,0.2,0.0820403,0.20611566,0.017621044295885624
552,32,32,0.2,0.07777828,0.20400544,0.013195850643996532
553,32,32,0.2,0.07206103,0.1983132,-0.321196913163712
554,32,32,0.2,0.089685924,0.22591297,-0.26084699782780296
555,32,32,0.2,0.08751304,0.22622873,-0.1659819834445675
556,32,32,0.2,0.08877419,0.22957735,-0.16846097816009986
557,32,32,0.2,0.083475284,0.2162932,-0.029743732796609912
558,32,32,0.2,0.06612008,0.19521564,0.03921081534955806
559,32,32,0.2,0.093436,0.23646663,-0.14016744814459736
560,32,32,0.2,0.0853941,0.2101621,-0.37083834353146883
561,32,32,0.2,0.15346642,0.29282162,-1.1783235652337947
562,32,32,0.2,0.08407935,0.20953943,-0.03907642122639854
563,32,32,0.2,0.13512857,0.29878724,-1.2443405322319854
564,32,32,0.2,0.07771114,0.2025257,-0.09335540044311141
565,32,32,0.2,0.0929847,0.23794147,-0.25362580301054805
566,32,32,0.2,0.0820333,0.2072173,0.008800932953758278
567,32,32,0.2,0.0824536,0.2208475,-0.11055377844138281
568,32,32,0.2,0.0648653,0.18381372,-0.11509237302081665
569,32,32,0.2,0.07797006,0.23119143,-0.5780306546258471
570,32,32,0.2,0.086751305,0.21398692,-0.006648011158431277
571,32,32,0.2,0.1321449,0.28755656,-0.7748964719516707
572,32,32,0.2,0.08785081,0.21702752,-0.13152261655836184
573,32,32,0.2,0.097710714,0.22387904,-0.11572393815050974
574,32,32,0.2,0.09233485,0.21438022,-0.08095434191258377
575,32,32,0.2,0.059295304,0.18598829,-0.10827113167288482
576,32,32,0.2,0.08730024,0.218948,-0.09831976647775797
577,32,32,0.2,0.10593905,0.25737822,-0.6595371452437784
578,32,32,0.2,0.065711714,0.18226655,-0.11665801026337808
579,32,32,0.2,0.08261681,0.2086236,-0.03368336636568747
580,32,32,0.2,0.11474892,0.25309426,-0.3699464196421973
581,32,32,0.2,0.09255348,0.22201927,-0.04855914343160905
582,32,32,0.2,0.095372245,0.2358951,-0.30868012030088754
583,32,32,0.2,0.091732964,0.22730571,-0.12432269999795764
584,32,32,0.2,0.08379113,0.19939914,-0.4133615778077415
585,32,32,0.2,0.087093905,0.23199937,-0.26772588978542267
586,32,32,0.2,0.07989117,0.208251,-0.003224626461488578
587,32,32,0.2,0.09948236,0.23190212,-0.2794855362092383
588,32,32,0.2,0.09742197,0.210764,-0.18826683459831095
589,32,32,0.2,0.08021584,0.2221718,-0.47893750990698325
590,32,32,0.2,0.088004485,0.21220319,-0.14483564722087094
591,32,32,0.2,0.08312664,0.21311398,-0.02990042968013884
592,32,32,0.2,0.098779775,0.2504579,-0.758617212146071
593,32,32,0.2,0.087108865,0.22158621,-0.10467415283936243
594,32,32,0.2,0.11558749,0.24141018,-0.3782355782853366
595,32,32,0.2,0.0914498,0.20760769,-0.08118832510364515
596,32,32,0.2,0.0871841,0.2104238,-0.08820834472032901
597,32,32,0.2,0.05920548,0.1851569,-0.11926186684666962
598,32,32,0.2,0.07626931,0.19742383,0.018967856878752243
599,32,32,0.2,0.084871374,0.22382794,-0.213618209575124
600,32,32,0.3,0.056132752,0.18815443,-0.18703840338292266
601,32,32,0.3,0.08581127,0.22257875,-0.04588725217610179
602,32,32,0.3,0.09802096,0.22923692,-0.14921902932532904
603,32,32,0.3,0.10583064,0.23165601,-0.13572751812610195
604,32,32,0.3,0.08216899,0.21863851,0.00698289382438555
605,32,32,0.3,0.074515544,0.21922314,-0.22421540749349633
606,32,32,0.3,0.09867915,0.22621755,-0.04809774422033053
607,32,32,0.3,0.08251467,0.2142544,-0.23054161463685174
608,32,32,0.3,0.079530776,0.20583746,-0.11918665999315126
609,32,32,0.3,0.09524555,0.22563261,-0.011593804846327771
610,32,32,0.3,0.05476484,0.17615367,-0.06979780302660288
611,32,32,0.3,0.09330761,0.22366221,-0.01979514835375462
612,32,32,0.3,0.07337485,0.22311619,-0.21265973015896855
613,32,32,0.3,0.08472561,0.21659468,0.057372129596501176
614,32,32,0.3,0.090222634,0.22695987,-0.10611266938458841
615,32,32,0.3,0.09953065,0.22997387,-0.08581923861489105
616,32,32,0.3,0.090458155,0.21657012,-0.022943863393667163
617,32,32,0.3,0.07540247,0.23491967,-0.36261216164832133
618,32,32,0.3,0.08062768,0.2398275,-0.2765465127415456
619,32,32,0.3,0.10016053,0.24211067,-0.31296273965227517
620,32,32,0.3,0.08557855,0.21426584,-0.06519199414408172
621,32,32,0.3,0.07572674,0.2095204,0.09967506116143043
622,32,32,0.3,0.104347765,0.23859471,-0.1552628809238017
623,32,32,0.3,0.08677903,0.22824682,-0.012854234566588518
624,32,32,0.3,0.091124676,0.22779748,-0.11896020086979497
625,32,32,0.3,0.08377388,0.1934953,-0.0687969638596242
626,32,32,0.3,0.092059806,0.21789066,-0.010409066937611344
627,32,32,0.3,0.05070358,0.17483686,0.017190245692796258
628,32,32,0.3,0.07793001,0.21882497,0.04252552927644726
629,32,32,0.3,0.088243395,0.22443902,-0.08113977687048934
630,32,32,0.3,0.08056875,0.20683588,-0.0132185929825821
631,32,32,0.3,0.068401605,0.19910623,-0.17879188327186002
632,32,32,0.3,0.08875953,0.22739379,-0.29055194807336715
633,32,32,0.3,0.0963707,0.2510389,-0.9230053182176965
634,32,32,0.3,0.09546288,0.2366256,-0.1550675719505914
635,32,32,0.3,0.08086785,0.21122456,-0.09556206209093898
636,32,32,0.3,0.09481402,0.2213742,-0.13272243042116694
637,32,32,0.3,0.08146216,0.20618643,-0.23548400848994167
638,32,32,0.3,0.068122916,0.19811761,-0.08540804550368764
639,32,32,0.3,0.08098295,0.20327282,-0.043825017297173696
640,32,32,0.3,0.10681939,0.27005973,-1.3446993337186917
641,32,32,0.3,0.0843465,0.20151088,0.0366655500215739
642,32,32,0.3,0.08664731,0.21367142,-0.06051963994256049
643,32,32,0.3,0.08933067,0.23595627,-0.19570194586247358
644,32,32,0.3,0.05823943,0.18253478,-0.22414305585493266
645,32,32,0.3,0.08342662,0.19847518,-0.3966067129615536
646,32,32,0.3,0.0821587,0.20699222,-0.028932955464230803
647,32,32,0.3,0.13243952,0.27579522,-1.2414631281386268
648,32,32,0.3,0.08045772,0.21507798,-0.09096821085871287
649,32,32,0.3,0.093423754,0.2104675,-0.09548382076831485
650,32,32,0.4,0.10355804,0.24001709,-0.30618600333153156
651,32,32,0.4,0.069885485,0.21726555,-0.5783271938695642
652,32,32,0.4,0.06741105,0.2054162,-0.39171581084518725
653,32,32,0.4,0.0811555,0.22913642,-0.2572423525399783
654,32,32,0.4,0.1037981,0.2281528,-0.25516546086939207
655,32,32,0.4,0.08449668,0.19774733,0.008944183642191406
656,32,32,0.4,0.107122466,0.22817035,-0.07055960877176815
657,32,32,0.4,0.096427254,0.22699971,-0.4620250309892753
658,32,32,0.4,0.08501378,0.2183607,-0.2031866210669706
659,32,32,0.4,0.09718974,0.23433037,-0.10100402757119542
660,32,32,0.4,0.09448054,0.22641632,-0.12901971248462618
661,32,32,0.4,0.094858885,0.230402,-0.17572251278661288
662,32,32,0.4,0.08412641,0.21385446,-0.33270627332018643
663,32,32,0.4,0.08911289,0.20652926,-0.010852347942823304
664,32,32,0.4,0.101514176,0.22560596,-0.03588284782910134
665,32,32,0.4,0.05242459,0.16622402,-0.12544429915450483
666,32,32,0.4,0.054482885,0.18992254,-0.11387035601470785
667,32,32,0.4,0.09526076,0.21964034,-0.060356902229720344
668,32,32,0.4,0.09200297,0.21566702,0.023415887276444947
669,32,32,0.4,0.08896011,0.22577128,-0.041777987727405375
670,32,32,0.4,0.059455555,0.19802183,-0.2206490314569467
671,32,32,0.4,0.08682125,0.22662382,-0.37244197235811183
672,32,32,0.4,0.115804404,0.2418767,-0.15474817419777787
673,32,32,0.4,0.05490408,0.1710656,-0.04730254142741952
674,32,32,0.4,0.07393623,0.20024724,-0.1626511735397942
675,32,32,0.4,0.07313169,0.20673832,-0.34310288779166
676,32,32,0.4,0.05144772,0.18030018,0.01236126298128093
677,32,32,0.4,0.08308536,0.2061802,0.021815697954385538
678,32,32,0.4,0.06308109,0.18982075,-0.06057564238606283
679,32,32,0.4,0.048483443,0.18271457,-0.18747734127432492
680,32,32,0.4,0.059650827,0.19986157,-0.06197054872661423
681,32,32,0.4,0.063977234,0.20418447,-0.09065753005062449
682,32,32,0.4,0.10945914,0.23187165,-0.048358751694651536
683,32,32,0.4,0.057465237,0.20116471,0.020075382861992397
684,32,32,0.4,0.104049705,0.21815288,-0.0298313838005706
685,32,32,0.4,0.09897127,0.22442059,0.023140533462050028
686,32,32,0.4,0.08697578,0.21730174,-0.17075775546334837
687,32,32,0.4,0.09169612,0.21862206,-0.01747939067484583
688,32,32,0.4,0.0902201,0.23509951,-0.07137733508870081
689,32,32,0.4,0.10880142,0.22538841,-0.08930528056225784
690,32,32,0.4,0.081844255,0.19428506,0.05437589473703042
691,32,32,0.4,0.06060931,0.19988933,-0.19464842497952528
692,32,32,0.4,0.07766998,0.22778949,-0.21778628464709326
693,32,32,0.4,0.055242527,0.19381194,-0.4229795217212293
694,32,32,0.4,0.058613908,0.1906878,-0.1576159902511891
695,32,32,0.4,0.08666905,0.2099068,-0.03495214848350514
696,32,32,0.4,0.08086596,0.21212095,-0.16167158425416583
697,32,32,0.4,0.11580152,0.25687686,-0.272226915179399
698,32,32,0.4,0.09218322,0.2130493,0.057385720684647534
699,32,32,0.4,0.07734011,0.20867744,-0.179592722922163
700,32,32,0.5,0.10804437,0.24029976,-0.3457022031325039
701,32,32,0.5,0.039355867,0.17202194,-0.12974923096007052
702,32,32,0.5,0.09839557,0.21731667,-0.01829170330702956
703,32,32,0.5,0.05659272,0.17557709,-0.17336793374316306
704,32,32,0.5,0.04837232,0.18864647,-0.2326313046477675
705,32,32,0.5,0.09752732,0.21825473,0.036285205780424046
706,32,32,0.5,0.05714738,0.19594805,-0.239797981412047
707,32,32,0.5,0.09231946,0.21764302,-0.02097630909485937
708,32,32,0.5,0.067015596,0.20925185,-1.0702170104247095
709,32,32,0.5,0.112757035,0.2421817,-0.00697582965558774
710,32,32,0.5,0.09950899,0.22571637,0.08013377138345867
711,32,32,0.5,0.07025722,0.19554414,-0.11640791718369581
712,32,32,0.5,0.097311005,0.20863488,0.029175115670348584
713,32,32,0.5,0.10639775,0.235779,-0.0155822951907163
714,32,32,0.5,0.09634346,0.22393532,0.020144951315563264
715,32,32,0.5,0.096047774,0.2446514,-0.5875563058937929
716,32,32,0.5,0.06841674,0.20622584,-0.04258443560374414
717,32,32,0.5,0.09557384,0.21311504,0.017484113969445603
718,32,32,0.5,0.056512155,0.1727301,-0.04789757042999665
719,32,32,0.5,0.10387032,0.26593012,-0.43174372404585126
720,32,32,0.5,0.08964309,0.21061662,-0.08975182735417908
721,32,32,0.5,0.044495076,0.16695428,-0.18687764225652526
722,32,32,0.5,0.07904882,0.21983059,-0.31455336070987716
723,32,32,0.5,0.061981983,0.22253501,-0.4751393805730193
724,32,32,0.5,0.13119256,0.2797709,-1.263699813922333
725,32,32,0.5,0.048574653,0.185845,-0.57451818174057
726,32,32,0.5,0.0850643,0.21385714,-0.3859757263872472
727,32,32,0.5,0.07949664,0.22047143,-0.1962526441359469
728,32,32,0.5,0.078137465,0.21373108,-0.25208551309139415
729,32,32,0.5,0.08618581,0.21120155,0.04638145732369381
730,32,32,0.5,0.08452855,0.214669,0.002697626720214119
731,32,32,0.5,0.053000562,0.18148573,0.009686265585950538
732,32,32,0.5,0.07027441,0.19770965,-0.1315109479214922
733,32,32,0.5,0.06653337,0.20438746,0.018322271830663484
734,32,32,0.5,0.09771621,0.22160393,0.0009518301775698346
735,32,32,0.5,0.060599413,0.1839822,0.03184632678216248
736,32,32,0.5,0.048932225,0.18365045,-0.15531931617644235
737,32,32,0.5,0.09450556,0.21836483,-0.6280568935004931
738,32,32,0.5,0.09302321,0.22072242,-0.05938274528353071
739,32,32,0.5,0.09608165,0.24156661,-0.15930966494748966
740,32,32,0.5,0.072980635,0.20654948,-0.08298570632231317
741,32,32,0.5,0.0840723,0.22190864,-0.3342618440665823
742,32,32,0.5,0.104025416,0.23121426,-0.11197742593937665
743,32,32,0.5,0.0801965,0.22356412,-0.171961360195231
744,32,32,0.5,0.07815125,0.21740681,-0.08952650224590086
745,32,32,0.5,0.055927593,0.19634144,-0.014861047947446915
746,32,32,0.5,0.09685049,0.22189492,-0.07482647974048962
747,32,32,0.5,0.10890705,0.24771102,0.0016206889480052666
748,32,32,0.5,0.05892918,0.19118173,-0.24619208354087707
749,32,32,0.5,0.089283146,0.21567838,-0.18665211664395565
750,32,32,0.1,0.08474837,0.18563764,-0.30111273900526014
751,32,32,0.1,0.065243304,0.16640393,-0.00187643558876327
752,32,32,0.1,0.074362144,0.21277179,-0.3218814572259072
753,32,32,0.1,0.06474615,0.16464102,-0.0030506759992543486
754,32,32,0.1,0.0698247,0.17263517,-0.06402402841750421
755,32,32,0.1,0.07964273,0.18099028,-0.24209144211534395
756,32,32,0.1,0.068086065,0.19978681,-0.15186341788460433
757,32,32,0.1,0.07490593,0.19537906,-0.2287125619177799
758,32,32,0.1,0.075497605,0.21544218,-0.22220857572681552
759,32,32,0.1,0.091642134,0.22404431,-0.661994175939794
760,32,32,0.1,0.085259244,0.23333178,-0.3869066716061822
761,32,32,0.1,0.0635125,0.17441398,-0.03399658399921757
762,32,32,0.1,0.08019758,0.17543857,-0.24354692214261386
763,32,32,0.1,0.0738621,0.17096587,-0.16304242738801045
764,32,32,0.1,0.06366432,0.17614391,-0.12790895273295066
765,32,32,0.1,0.041747496,0.15940045,-0.24725874464068553
766,32,32,0.1,0.19215815,0.3220825,-3.3601047806556643
767,32,32,0.1,0.064003505,0.16725817,0.008502109431470561
768,32,32,0.1,0.0738819,0.17494993,-0.12767028885375065
769,32,32,0.1,0.079735376,0.17544219,-0.21559774840433743
770,32,32,0.1,0.08656778,0.20965828,-0.6082840358047887
771,32,32,0.1,0.071874075,0.21825698,-0.7918629466213465
772,32,32,0.1,0.11501381,0.24061501,-2.234597766634613
773,32,32,0.1,0.06950786,0.16854014,-0.08130535560704621
774,32,32,0.1,0.07525316,0.17334618,-0.18422155329730305
775,32,32,0.1,0.07033929,0.17205839,-0.07770923924375506
776,32,32,0.1,0.07060088,0.18915774,-0.14129297664789253
777,32,32,0.1,0.118440196,0.270824,-1.7068550645908536
778,32,32,0.1,0.065034844,0.18226269,-0.06893497807178073
779,32,32,0.1,0.07329856,0.17607175,-0.12462869018724088
780,32,32,0.1,0.0907912,0.20126747,-0.4526536347926682
781,32,32,0.1,0.13784438,0.2733109,-1.6584770756871658
782,32,32,0.1,0.06722323,0.18866517,-0.11559198057541331
783,32,32,0.1,0.09131682,0.20876548,-0.43000545390393063
784,32,32,0.1,0.079488285,0.17399593,-0.24151474775763515
785,32,32,0.1,0.07357851,0.1704666,-0.11349164915981147
786,32,32,0.1,0.06540034,0.18544611,-0.1633057144447847
787,32,32,0.1,0.07355656,0.18507788,-0.15817449937608274
788,32,32,0.1,0.0695852,0.1921197,-0.12562745194334002
789,32,32,0.1,0.06519739,0.17137556,-0.060931304155956045
790,32,32,0.1,0.08195598,0.1806462,-0.2625950273439286
791,32,32,0.1,0.07322934,0.19908278,-0.20584604746599244
792,32,32,0.1,0.068489306,0.16255479,-0.042736467113103194
793,32,32,0.1,0.07812803,0.17547935,-0.2008472920473774
794,32,32,0.1,0.07109111,0.1916663,-0.16614880932902953
795,32,32,0.1,0.08350494,0.19707003,-0.29266705108430213
796,32,32,0.1,0.079714656,0.23970369,-0.8718806010983995
797,32,32,0.1,0.06934129,0.16953237,-0.07515277544141563
798,32,32,0.1,0.09358802,0.22367774,-1.117638702183907
799,32,32,0.1,0.07339406,0.2043985,-0.3026562040508092
800,32,32,0.2,0.06465437,0.19001257,-0.23336413922393318
801,32,32,0.2,0.05480699,0.18833382,-0.47248078232841495
802,32,32,0.2,0.07010994,0.20346726,-0.2900564787057658
803,32,32,0.2,0.07391323,0.17403321,-0.04077444228390159
804,32,32,0.2,0.08023975,0.18110296,-0.15407964409565333
805,32,32,0.2,0.03579812,0.13193259,0.06181412900050132
806,32,32,0.2,0.084824845,0.19129518,-0.3263541753029542
807,32,32,0.2,0.06414451,0.18255575,-0.08444717364040089
808,32,32,0.2,0.069497444,0.18827105,-0.041691431659796496
809,32,32,0.2,0.09589223,0.24387094,-0.5215629959901749
810,32,32,0.2,0.0704497,0.18411472,-0.020305669701885964
811,32,32,0.2,0.07461142,0.17830323,-0.1548857345872381
812,32,32,0.2,0.0770838,0.17477988,-0.19038159881366368
813,32,32,0.2,0.06543228,0.17874797,-0.011891563839899089
814,32,32,0.2,0.06487449,0.16523893,-0.07698996266669367
815,32,32,0.2,0.06387619,0.178753,-0.099160889383479
816,32,32,0.2,0.08088861,0.22641672,-0.37590491053863384
817,32,32,0.2,0.090671,0.20699352,-0.3069166459782522
818,32,32,0.2,0.05699216,0.15793438,0.01856423363644888
819,32,32,0.2,0.06672841,0.17458051,-0.10947692683892352
820,32,32,0.2,0.06800286,0.16584769,0.02922623594162088
821,32,32,0.2,0.07192726,0.17031829,-0.07867947242201878
822,32,32,0.2,0.07072901,0.17851272,-0.04961281134213347
823,32,32,0.2,0.07728739,0.17201206,-0.1307109401599149
824,32,32,0.2,0.09415401,0.21566194,-0.6112515446637972
825,32,32,0.2,0.051200543,0.15658791,-0.2020468762154659
826,32,32,0.2,0.07952151,0.2169788,-0.9294503092978663
827,32,32,0.2,0.07375818,0.1857367,-0.10654147655308877
828,32,32,0.2,0.07161981,0.19345278,-0.16800275605908643
829,32,32,0.2,0.0771997,0.19394909,-0.1769908568497438
830,32,32,0.2,0.06303917,0.17656747,-0.1957743691696907
831,32,32,0.2,0.079223014,0.21707234,-1.064331728220103
832,32,32,0.2,0.06388902,0.17586239,0.009393513905064932
833,32,32,0.2,0.070624314,0.1699922,0.007152760759889132
834,32,32,0.2,0.06424313,0.17526063,-0.01819740149545379
835,32,32,0.2,0.11938938,0.24749187,-2.0732204042829205
836,32,32,0.2,0.037639566,0.15232,-0.005172618026355602
837,32,32,0.2,0.08296109,0.18023673,-0.16312459070342733
838,32,32,0.2,0.07858607,0.1824476,-0.10276053318553502
839,32,32,0.2,0.06526522,0.16407554,-0.041081454436243225
840,32,32,0.2,0.07364185,0.19223951,-0.277467799858355
841,32,32,0.2,0.046962943,0.15309758,-0.12947229753163692
842,32,32,0.2,0.06992264,0.17596483,-0.02201145196757337
843,32,32,0.2,0.068044245,0.17169924,-0.03412117691318306
844,32,32,0.2,0.072586104,0.18571554,-0.1435244214295197
845,32,32,0.2,0.043148894,0.16433062,-0.19747569198019788
846,32,32,0.2,0.0667605,0.17059888,-0.04822832268869037
847,32,32,0.2,0.07659622,0.20269562,-0.12608696257156216
848,32,32,0.2,0.070269726,0.18110268,-0.06468375793583947
849,32,32,0.2,0.05970596,0.16526741,-0.008324570268321896
850,32,32,0.3,0.048010293,0.14909923,-0.35229545898911385
851,32,32,0.3,0.076334,0.20997347,-0.2788372192144095
852,32,32,0.3,0.07759473,0.22180827,-1.239226201302691
853,32,32,0.3,0.078222595,0.21610872,-0.32259963007298875
854,32,32,0.3,0.07831707,0.20551853,-0.13753940476717919
855,32,32,0.3,0.06806239,0.190352,-0.15648557483544434
856,32,32,0.3,0.12400861,0.2711759,-1.347619980011411
857,32,32,0.3,0.04857424,0.16577046,-0.3045690696884855
858,32,32,0.3,0.04649215,0.16236852,-0.6712938175789751
859,32,32,0.3,0.08030135,0.19109844,-0.14096885240810075
860,32,32,0.3,0.06444625,0.17829798,-0.0974512981430613
861,32,32,0.3,0.051626474,0.1580525,-0.17923457110619512
862,32,32,0.3,0.09675903,0.22577974,-0.4937905050854692
863,32,32,0.3,0.07192207,0.18184236,-0.007073912362857371
864,32,32,0.3,0.17156598,0.31423947,-3.4089148037505685
865,32,32,0.3,0.061093226,0.16672592,-0.06571057426338811
866,32,32,0.3,0.06990832,0.1815511,-0.11534689904099449
867,32,32,0.3,0.060531236,0.17300528,-0.27950870496683655
868,32,32,0.3,0.07015703,0.1968321,-0.24281771160162013
869,32,32,0.3,0.06795927,0.19023448,-0.18680314889890037
870,32,32,0.3,0.066807546,0.17756853,0.07448764000409935
871,32,32,0.3,0.071833454,0.19433047,-0.439310851088897
872,32,32,0.3,0.06998581,0.16517207,0.016700690648696948
873,32,32,0.3,0.04512488,0.1422191,-0.045605408343313725
874,32,32,0.3,0.060912963,0.18358992,-0.16944121787099187
875,32,32,0.3,0.0844982,0.18596868,-0.2540354431677494
876,32,32,0.3,0.067303136,0.16730608,0.031162800009572722
877,32,32,0.3,0.07555652,0.1944021,-0.0860830010689082
878,32,32,0.3,0.076395765,0.19687843,-0.11008481547859383
879,32,32,0.3,0.06936667,0.16172093,-0.10293955156332468
880,32,32,0.3,0.0423979,0.15292528,-0.1674961662815997
881,32,32,0.3,0.072321706,0.17626697,-0.0242831029593642
882,32,32,0.3,0.07661563,0.18527412,-0.07567184752175105
883,32,32,0.3,0.07127884,0.18272342,-0.1164738204377691
884,32,32,0.3,0.07213989,0.17151508,0.034037309548394235
885,32,32,0.3,0.046869677,0.14433916,-0.11653773744996987
886,32,32,0.3,0.076798484,0.17901152,-0.004994590972473567
887,32,32,0.3,0.059206437,0.19252707,-0.24105635317459528
888,32,32,0.3,0.07524379,0.17819971,-0.17268042825774832
889,32,32,0.3,0.05341899,0.16122666,0.21639605458321487
890,32,32,0.3,0.043068204,0.15132639,-0.1041400061419826
891,32,32,0.3,0.078011975,0.18584058,-0.010377933900390879
892,32,32,0.3,0.068145074,0.1838547,-0.0861347345435497
893,32,32,0.3,0.06613397,0.17117031,-0.29658795649825365
894,32,32,0.3,0.04541226,0.17057283,-0.6246297157688312
895,32,32,0.3,0.07388736,0.19177629,-0.0572998233234836
896,32,32,0.3,0.03703167,0.14446513,-0.12065680108312082
897,32,32,0.3,0.06990107,0.19431812,-0.582470754748196
898,32,32,0.3,0.07547662,0.1722483,-0.031253444276269526
899,32,32,0.3,0.065285854,0.1698574,0.07547512676127044
900,32,32,0.4,0.077779435,0.18170978,0.0014332387860300777
901,32,32,0.4,0.03068692,0.13917957,0.03634895721001141
902,32,32,0.4,0.08104657,0.18299209,-0.094599964870558
903,32,32,0.4,0.09006901,0.19519453,-0.182031832076343
904,32,32,0.4,0.070306614,0.20779985,-0.4474381997648278
905,32,32,0.4,0.08629814,0.20857503,-0.33997433977829195
906,32,32,0.4,0.04011483,0.14397784,-0.15349201536173185
907,32,32,0.4,0.0762655,0.18401754,-0.03552108078396943
908,32,32,0.4,0.08883958,0.20861097,-0.16224495590549348
909,32,32,0.4,0.08798067,0.18435371,-0.09994838047206511
910,32,32,0.4,0.08679612,0.17982121,-0.05650173113032175
911,32,32,0.4,0.07655476,0.19672626,-0.06244966316959277
912,32,32,0.4,0.07712655,0.19809029,-0.17350553486609677
913,32,32,0.4,0.05972034,0.16510989,-0.14137874140890716
914,32,32,0.4,0.08860684,0.19117725,-0.038639902641209645
915,32,32,0.4,0.064310454,0.20254485,-0.4832628291240608
916,32,32,0.4,0.06751869,0.17654751,-0.43382385468012297
917,32,32,0.4,0.038522303,0.14435157,-0.08267275726794243
918,32,32,0.4,0.079142384,0.20608048,-0.6458601586931485
919,32,32,0.4,0.07420456,0.18960105,-0.1529313560714214
920,32,32,0.4,0.08388159,0.20195822,-0.08744518257012435
921,32,32,0.4,0.08206564,0.19783,-0.014643673750027952
922,32,32,0.4,0.08306459,0.19164161,-0.024710151289419002
923,32,32,0.4,0.03414788,0.14613464,-0.19370931106413147
924,32,32,0.4,0.05719774,0.16373271,-0.17710145268051125
925,32,32,0.4,0.044125956,0.14030269,-0.07075372125361201
926,32,32,0.4,0.0599988,0.19286998,-0.6481540134611692
927,32,32,0.4,0.041677255,0.14502135,-0.0065334310932314565
928,32,32,0.4,0.08728586,0.19348453,-0.02266923089658257
929,32,32,0.4,0.06615997,0.17515755,-0.1692261802110291
930,32,32,0.4,0.085884154,0.19820443,-0.13751568747807252
931,32,32,0.4,0.06955259,0.17577986,0.032418801297866784
932,32,32,0.4,0.04515489,0.17832012,-0.3933168880769782
933,32,32,0.4,0.06339723,0.17088391,-0.0007114230867730775
934,32,32,0.4,0.054621946,0.15836392,-0.060189579688408434
935,32,32,0.4,0.073598556,0.17865673,-0.019797847255236256
936,32,32,0.4,0.075429216,0.19134049,-0.11244895228401952
937,32,32,0.4,0.034181528,0.14886932,-0.11821374266389095
938,32,32,0.4,0.070476055,0.16793299,0.047277552633177455
939,32,32,0.4,0.11869752,0.2675286,-1.6515778049867542
940,32,32,0.4,0.083205044,0.19498691,-0.01243329643193869
941,32,32,0.4,0.06686839,0.17098854,-0.1227146656400242
942,32,32,0.4,0.06967762,0.1692146,-0.05350877685494093
943,32,32,0.4,0.065151975,0.196224,-0.6829406387821184
944,32,32,0.4,0.03156135,0.14211158,-0.08637427102506323
945,32,32,0.4,0.07054262,0.18329011,-0.009976244343362417
946,32,32,0.4,0.048150674,0.16664068,-0.28757492728156686
947,32,32,0.4,0.049205054,0.15949433,-0.11904448617024666
948,32,32,0.4,0.06689691,0.20748958,-1.0569744734896545
949,32,32,0.4,0.083904475,0.20044039,-0.33737993250968823
950,32,32,0.5,0.078428924,0.17850712,-0.03698716233309618
951,32,32,0.5,0.07011958,0.17744634,-0.06534845268353706
952,32,32,0.5,0.07138649,0.1947404,-0.08235827792324302
953,32,32,0.5,0.04957973,0.15982842,-0.2508001287210564
954,32,32,0.5,0.06369797,0.15464747,0.0018664295688535226
955,32,32,0.5,0.07809908,0.17486677,0.009826195753747102
956,32,32,0.5,0.0759885,0.18344083,-0.04334201469416499
957,32,32,0.5,0.059367884,0.16626231,-0.24474863563044225
958,32,32,0.5,0.070892155,0.17330103,0.09596252251021253
959,32,32,0.5,0.06349168,0.17340554,-0.10081228685025323
960,32,32,0.5,0.03919906,0.16229765,-0.24750565606653385
961,32,32,0.5,0.08189186,0.1996713,0.026642141847275425
962,32,32,0.5,0.06797152,0.16739132,-0.08411804766274633
963,32,32,0.5,0.07327024,0.1868157,-0.09281068563414774
964,32,32,0.5,0.029243436,0.13299815,-0.042011199821142986
965,32,32,0.5,0.06042278,0.16116744,-0.10352169780618925
966,32,32,0.5,0.03962407,0.16422419,-0.4634084167531878
967,32,32,0.5,0.07778282,0.18016444,0.019480756176017966
968,32,32,0.5,0.079373755,0.19684812,0.012399960595686932
969,32,32,0.5,0.07645513,0.18936309,-0.07593903192305262
970,32,32,0.5,0.05197687,0.1683717,-0.1872031803965366
971,32,32,0.5,0.028772654,0.13268277,0.02367302230037671
972,32,32,0.5,0.08592154,0.21157783,-0.514157378932357
973,32,32,0.5,0.060349215,0.17403862,-0.2193202665898446
974,32,32,0.5,0.07693398,0.17287876,0.12162707176086707
975,32,32,0.5,0.027617197,0.1376091,-0.20328889847322507
976,32,32,0.5,0.10228039,0.2111778,-0.22777195721130328
977,32,32,0.5,0.049331453,0.16027378,-0.21567235831137954
978,32,32,0.5,0.11978731,0.24207433,-2.691874913792414
979,32,32,0.5,0.042294867,0.15777114,-0.2647747113534671
980,32,32,0.5,0.050342474,0.16304347,0.01883938341014013
981,32,32,0.5,0.073644266,0.17572752,0.023818722835533768
982,32,32,0.5,0.077369325,0.19875346,-0.026537776546279535
983,32,32,0.5,0.053085677,0.16553007,-0.27034648011598583
984,32,32,0.5,0.03846543,0.15001558,-0.03746216885694653
985,32,32,0.5,0.024937095,0.12280937,-0.0406338394476069
986,32,32,0.5,0.045497093,0.13792993,-0.23548996254368793
987,32,32,0.5,0.035565168,0.1493339,0.004731556190474162
988,32,32,0.5,0.08096647,0.20328389,-0.37612798668080116
989,32,32,0.5,0.07757251,0.20372789,0.08026689838819112
990,32,32,0.5,0.06435134,0.18588738,-0.13207077804255807
991,32,32,0.5,0.07144757,0.17350557,-0.023596784650617986
992,32,32,0.5,0.054683067,0.16278751,-0.15193810934036844
993,32,32,0.5,0.045666832,0.14974931,-0.003261811873473519
994,32,32,0.5,0.06865126,0.18733703,-0.13846682038197788
995,32,32,0.5,0.059607327,0.19563712,-0.5628117112158508
996,32,32,0.5,0.045321878,0.15297578,-0.09208116193913929
997,32,32,0.5,0.08757518,0.21053424,-0.7268510258430767
998,32,32,0.5,0.07428927,0.16634277,0.11306337953302548
999,32,32,0.5,0.05565018,0.16738243,-0.1834131587188903
