,fpr,tpr,threshold,eval,k,train_split,quantile
0,0.0,0.0,1.9991157,1,1,0.1,0.05
1,0.03125,0.0,0.99911565,1,1,0.1,0.05
2,0.09375,0.0,0.98985904,1,1,0.1,0.05
3,0.09375,1.0,0.9880663,1,1,0.1,0.05
4,1.0,1.0,0.001516392,1,1,0.1,0.05
5,0.0,0.0,1.9986308,2,1,0.1,0.05
6,0.03125,0.0,0.9986307,2,1,0.1,0.05
7,0.125,0.0,0.98167497,2,1,0.1,0.05
8,0.125,1.0,0.98039067,2,1,0.1,0.05
9,1.0,1.0,0.0027935607,2,1,0.1,0.05
10,0.0,0.0,1.998897,3,1,0.1,0.05
11,0.03125,0.0,0.99889696,3,1,0.1,0.05
12,0.09375,0.0,0.9873438,3,1,0.1,0.05
13,0.09375,1.0,0.9848556,3,1,0.1,0.05
14,1.0,1.0,0.0014833946,3,1,0.1,0.05
15,0.0,0.0,1.9990599,4,1,0.1,0.05
16,0.03125,0.0,0.99906,4,1,0.1,0.05
17,0.09375,0.0,0.98681056,4,1,0.1,0.05
18,0.09375,1.0,0.9853839,4,1,0.1,0.05
19,1.0,1.0,0.0019283593,4,1,0.1,0.05
20,0.0,0.0,1.9980797,5,1,0.1,0.05
21,0.03125,0.0,0.99807966,5,1,0.1,0.05
22,0.0625,0.0,0.99748826,5,1,0.1,0.05
23,0.0625,1.0,0.98941106,5,1,0.1,0.05
24,1.0,1.0,0.002618244,5,1,0.1,0.05
25,0.0,0.0,1.9932377,1,1,0.1,0.1
26,0.0,0.3333333333333333,0.99323773,1,1,0.1,0.1
27,0.06666666666666667,0.3333333333333333,0.9435517,1,1,0.1,0.1
28,0.06666666666666667,0.6666666666666666,0.8923847,1,1,0.1,0.1
29,0.23333333333333334,0.6666666666666666,0.4176118,1,1,0.1,0.1
30,0.23333333333333334,1.0,0.40565935,1,1,0.1,0.1
31,1.0,1.0,0.0015112421,1,1,0.1,0.1
32,0.0,0.0,1.9956653,2,1,0.1,0.1
33,0.0,0.3333333333333333,0.9956654,2,1,0.1,0.1
34,0.06666666666666667,0.3333333333333333,0.9786856,2,1,0.1,0.1
35,0.06666666666666667,0.6666666666666666,0.92650706,2,1,0.1,0.1
36,0.23333333333333334,0.6666666666666666,0.59980994,2,1,0.1,0.1
37,0.23333333333333334,1.0,0.5706179,2,1,0.1,0.1
38,1.0,1.0,0.0020380013,2,1,0.1,0.1
39,0.0,0.0,1.996786,3,1,0.1,0.1
40,0.0,0.3333333333333333,0.996786,3,1,0.1,0.1
41,0.06666666666666667,0.3333333333333333,0.97099024,3,1,0.1,0.1
42,0.06666666666666667,0.6666666666666666,0.93084115,3,1,0.1,0.1
43,0.2,0.6666666666666666,0.6873731,3,1,0.1,0.1
44,0.2,1.0,0.5146308,3,1,0.1,0.1
45,1.0,1.0,0.0011514126,3,1,0.1,0.1
46,0.0,0.0,1.9877179,4,1,0.1,0.1
47,0.0,0.3333333333333333,0.98771787,4,1,0.1,0.1
48,0.06666666666666667,0.3333333333333333,0.9591524,4,1,0.1,0.1
49,0.06666666666666667,0.6666666666666666,0.87672096,4,1,0.1,0.1
50,0.23333333333333334,0.6666666666666666,0.59371203,4,1,0.1,0.1
51,0.23333333333333334,1.0,0.52902144,4,1,0.1,0.1
52,1.0,1.0,0.0025331767,4,1,0.1,0.1
53,0.0,0.0,1.9924932,5,1,0.1,0.1
54,0.0,0.3333333333333333,0.9924932,5,1,0.1,0.1
55,0.06666666666666667,0.3333333333333333,0.96038043,5,1,0.1,0.1
56,0.06666666666666667,0.6666666666666666,0.8836865,5,1,0.1,0.1
57,0.2,0.6666666666666666,0.64030915,5,1,0.1,0.1
58,0.2,1.0,0.45090717,5,1,0.1,0.1
59,1.0,1.0,0.0020219483,5,1,0.1,0.1
60,0.0,0.0,1.9891605,1,1,0.1,0.25
61,0.04,0.0,0.9891605,1,1,0.1,0.25
62,0.04,0.125,0.9861734,1,1,0.1,0.25
63,0.16,0.125,0.6245375,1,1,0.1,0.25
64,0.16,0.25,0.541263,1,1,0.1,0.25
65,0.76,0.25,0.017478265,1,1,0.1,0.25
66,0.76,0.5,0.015336057,1,1,0.1,0.25
67,0.84,0.5,0.009582235,1,1,0.1,0.25
68,0.84,0.625,0.0073209316,1,1,0.1,0.25
69,0.96,0.625,0.004109848,1,1,0.1,0.25
70,0.96,1.0,0.0010906861,1,1,0.1,0.25
71,1.0,1.0,0.00038978164,1,1,0.1,0.25
72,0.0,0.0,1.9976461,2,1,0.1,0.25
73,0.04,0.0,0.99764603,2,1,0.1,0.25
74,0.04,0.125,0.99249154,2,1,0.1,0.25
75,0.16,0.125,0.87266976,2,1,0.1,0.25
76,0.16,0.25,0.8195387,2,1,0.1,0.25
77,0.76,0.25,0.048961464,2,1,0.1,0.25
78,0.76,0.375,0.042759217,2,1,0.1,0.25
79,0.8,0.375,0.033855706,2,1,0.1,0.25
80,0.8,0.5,0.026590906,2,1,0.1,0.25
81,0.88,0.5,0.017543502,2,1,0.1,0.25
82,0.88,0.75,0.009104379,2,1,0.1,0.25
83,0.96,0.75,0.006288186,2,1,0.1,0.25
84,0.96,1.0,0.002385393,2,1,0.1,0.25
85,1.0,1.0,0.00068360305,2,1,0.1,0.25
86,0.0,0.0,1.9974103,3,1,0.1,0.25
87,0.04,0.0,0.99741036,3,1,0.1,0.25
88,0.04,0.125,0.99160755,3,1,0.1,0.25
89,0.16,0.125,0.9149229,3,1,0.1,0.25
90,0.16,0.25,0.86080134,3,1,0.1,0.25
91,0.68,0.25,0.10849071,3,1,0.1,0.25
92,0.68,0.375,0.09324352,3,1,0.1,0.25
93,0.72,0.375,0.08063802,3,1,0.1,0.25
94,0.72,0.5,0.06660776,3,1,0.1,0.25
95,0.84,0.5,0.039513525,3,1,0.1,0.25
96,0.84,0.625,0.033084225,3,1,0.1,0.25
97,0.88,0.625,0.026077336,3,1,0.1,0.25
98,0.88,0.75,0.01589719,3,1,0.1,0.25
99,0.96,0.75,0.010678348,3,1,0.1,0.25
100,0.96,1.0,0.003755194,3,1,0.1,0.25
101,1.0,1.0,0.0013306425,3,1,0.1,0.25
102,0.0,0.0,1.9955049,4,1,0.1,0.25
103,0.04,0.0,0.9955048,4,1,0.1,0.25
104,0.04,0.125,0.9906313,4,1,0.1,0.25
105,0.16,0.125,0.8305488,4,1,0.1,0.25
106,0.16,0.25,0.7401134,4,1,0.1,0.25
107,0.68,0.25,0.09702295,4,1,0.1,0.25
108,0.68,0.375,0.07073556,4,1,0.1,0.25
109,0.76,0.375,0.055356544,4,1,0.1,0.25
110,0.76,0.5,0.051315963,4,1,0.1,0.25
111,0.88,0.5,0.018712638,4,1,0.1,0.25
112,0.88,0.625,0.017065214,4,1,0.1,0.25
113,0.96,0.625,0.015808826,4,1,0.1,0.25
114,0.96,1.0,0.0028484722,4,1,0.1,0.25
115,1.0,1.0,0.0008338411,4,1,0.1,0.25
116,0.0,0.0,1.9956756,5,1,0.1,0.25
117,0.04,0.0,0.9956756,5,1,0.1,0.25
118,0.04,0.125,0.9847149,5,1,0.1,0.25
119,0.16,0.125,0.86913025,5,1,0.1,0.25
120,0.16,0.25,0.82555574,5,1,0.1,0.25
121,0.8,0.25,0.074145384,5,1,0.1,0.25
122,0.8,0.5,0.051133208,5,1,0.1,0.25
123,0.84,0.5,0.047674675,5,1,0.1,0.25
124,0.84,0.625,0.03602245,5,1,0.1,0.25
125,0.88,0.625,0.03004352,5,1,0.1,0.25
126,0.88,0.75,0.022742903,5,1,0.1,0.25
127,0.96,0.75,0.012112671,5,1,0.1,0.25
128,0.96,1.0,0.0049496316,5,1,0.1,0.25
129,1.0,1.0,0.0022557548,5,1,0.1,0.25
130,0.0,0.0,1.997169,1,2,0.1,0.05
131,0.03125,0.0,0.99716896,1,2,0.1,0.05
132,0.03125,1.0,0.9910487,1,2,0.1,0.05
133,1.0,1.0,7.508915e-05,1,2,0.1,0.05
134,0.0,0.0,1.9976003,2,2,0.1,0.05
135,0.03125,0.0,0.99760026,2,2,0.1,0.05
136,0.03125,1.0,0.9925211,2,2,0.1,0.05
137,1.0,1.0,0.00025304008,2,2,0.1,0.05
138,0.0,0.0,1.9973717,3,2,0.1,0.05
139,0.03125,0.0,0.9973717,3,2,0.1,0.05
140,0.03125,1.0,0.99422234,3,2,0.1,0.05
141,1.0,1.0,0.00013093301,3,2,0.1,0.05
142,0.0,0.0,1.9971211,4,2,0.1,0.05
143,0.03125,0.0,0.99712104,4,2,0.1,0.05
144,0.03125,1.0,0.9940422,4,2,0.1,0.05
145,1.0,1.0,0.0001550468,4,2,0.1,0.05
146,0.0,0.0,1.9976573,5,2,0.1,0.05
147,0.03125,0.0,0.9976573,5,2,0.1,0.05
148,0.0625,0.0,0.9921514,5,2,0.1,0.05
149,0.0625,1.0,0.99029094,5,2,0.1,0.05
150,1.0,1.0,0.00028403036,5,2,0.1,0.05
151,0.0,0.0,1.9987671,1,2,0.1,0.1
152,0.03333333333333333,0.0,0.99876714,1,2,0.1,0.1
153,0.13333333333333333,0.0,0.9861843,1,2,0.1,0.1
154,0.13333333333333333,0.3333333333333333,0.97090685,1,2,0.1,0.1
155,0.2,0.3333333333333333,0.9153441,1,2,0.1,0.1
156,0.2,0.6666666666666666,0.893969,1,2,0.1,0.1
157,0.26666666666666666,0.6666666666666666,0.88266706,1,2,0.1,0.1
158,0.26666666666666666,1.0,0.83954805,1,2,0.1,0.1
159,1.0,1.0,0.0014125198,1,2,0.1,0.1
160,0.0,0.0,1.9990652,2,2,0.1,0.1
161,0.03333333333333333,0.0,0.9990652,2,2,0.1,0.1
162,0.13333333333333333,0.0,0.9883133,2,2,0.1,0.1
163,0.13333333333333333,0.3333333333333333,0.98653793,2,2,0.1,0.1
164,0.2,0.3333333333333333,0.94376904,2,2,0.1,0.1
165,0.2,0.6666666666666666,0.9422759,2,2,0.1,0.1
166,0.26666666666666666,0.6666666666666666,0.8884399,2,2,0.1,0.1
167,0.26666666666666666,1.0,0.85663354,2,2,0.1,0.1
168,1.0,1.0,0.0017004844,2,2,0.1,0.1
169,0.0,0.0,1.9990499,3,2,0.1,0.1
170,0.03333333333333333,0.0,0.99904996,3,2,0.1,0.1
171,0.13333333333333333,0.0,0.98969483,3,2,0.1,0.1
172,0.13333333333333333,0.3333333333333333,0.982263,3,2,0.1,0.1
173,0.23333333333333334,0.3333333333333333,0.9430156,3,2,0.1,0.1
174,0.23333333333333334,0.6666666666666666,0.93780035,3,2,0.1,0.1
175,0.3,0.6666666666666666,0.8632255,3,2,0.1,0.1
176,0.3,1.0,0.854932,3,2,0.1,0.1
177,1.0,1.0,0.0019768707,3,2,0.1,0.1
178,0.0,0.0,1.9988551,4,2,0.1,0.1
179,0.03333333333333333,0.0,0.9988551,4,2,0.1,0.1
180,0.13333333333333333,0.0,0.99087334,4,2,0.1,0.1
181,0.13333333333333333,0.3333333333333333,0.9843652,4,2,0.1,0.1
182,0.23333333333333334,0.3333333333333333,0.9502002,4,2,0.1,0.1
183,0.23333333333333334,0.6666666666666666,0.94719124,4,2,0.1,0.1
184,0.4,0.6666666666666666,0.84154725,4,2,0.1,0.1
185,0.4,1.0,0.80801964,4,2,0.1,0.1
186,1.0,1.0,0.0025021096,4,2,0.1,0.1
187,0.0,0.0,1.9988301,5,2,0.1,0.1
188,0.03333333333333333,0.0,0.99883,5,2,0.1,0.1
189,0.13333333333333333,0.0,0.9856882,5,2,0.1,0.1
190,0.13333333333333333,0.3333333333333333,0.978324,5,2,0.1,0.1
191,0.16666666666666666,0.3333333333333333,0.9459417,5,2,0.1,0.1
192,0.16666666666666666,0.6666666666666666,0.93682206,5,2,0.1,0.1
193,0.26666666666666666,0.6666666666666666,0.90138793,5,2,0.1,0.1
194,0.26666666666666666,1.0,0.85441977,5,2,0.1,0.1
195,1.0,1.0,0.0022236058,5,2,0.1,0.1
196,0.0,0.0,1.9996978,1,2,0.1,0.25
197,0.04,0.0,0.9996978,1,2,0.1,0.25
198,0.04,0.125,0.9996178,1,2,0.1,0.25
199,0.08,0.125,0.997389,1,2,0.1,0.25
200,0.08,0.375,0.99021214,1,2,0.1,0.25
201,0.52,0.375,0.7393236,1,2,0.1,0.25
202,0.52,0.5,0.6420722,1,2,0.1,0.25
203,0.8,0.5,0.50977963,1,2,0.1,0.25
204,0.8,0.625,0.4606902,1,2,0.1,0.25
205,0.88,0.625,0.24843208,1,2,0.1,0.25
206,0.88,0.75,0.21322669,1,2,0.1,0.25
207,0.96,0.75,0.06936296,1,2,0.1,0.25
208,0.96,1.0,0.00077704346,1,2,0.1,0.25
209,1.0,1.0,0.00014859783,1,2,0.1,0.25
210,0.0,0.0,1.9999048,2,2,0.1,0.25
211,0.04,0.0,0.99990475,2,2,0.1,0.25
212,0.04,0.125,0.99986684,2,2,0.1,0.25
213,0.08,0.125,0.99963605,2,2,0.1,0.25
214,0.08,0.375,0.99856156,2,2,0.1,0.25
215,0.64,0.375,0.9275818,2,2,0.1,0.25
216,0.64,0.5,0.8953639,2,2,0.1,0.25
217,0.84,0.5,0.8093498,2,2,0.1,0.25
218,0.84,0.625,0.7505923,2,2,0.1,0.25
219,0.88,0.625,0.71987075,2,2,0.1,0.25
220,0.88,0.75,0.68935937,2,2,0.1,0.25
221,0.96,0.75,0.42754135,2,2,0.1,0.25
222,0.96,1.0,0.004320321,2,2,0.1,0.25
223,1.0,1.0,0.00060423085,2,2,0.1,0.25
224,0.0,0.0,1.9998093,3,2,0.1,0.25
225,0.04,0.0,0.9998093,3,2,0.1,0.25
226,0.04,0.125,0.99978966,3,2,0.1,0.25
227,0.08,0.125,0.99919456,3,2,0.1,0.25
228,0.08,0.25,0.9977889,3,2,0.1,0.25
229,0.12,0.25,0.99704915,3,2,0.1,0.25
230,0.12,0.375,0.9966313,3,2,0.1,0.25
231,0.68,0.375,0.85277563,3,2,0.1,0.25
232,0.68,0.5,0.776778,3,2,0.1,0.25
233,0.88,0.5,0.7053741,3,2,0.1,0.25
234,0.88,0.75,0.44157162,3,2,0.1,0.25
235,0.96,0.75,0.20631549,3,2,0.1,0.25
236,0.96,1.0,0.0016830027,3,2,0.1,0.25
237,1.0,1.0,0.00028834736,3,2,0.1,0.25
238,0.0,0.0,1.9995954,4,2,0.1,0.25
239,0.04,0.0,0.99959534,4,2,0.1,0.25
240,0.04,0.125,0.99955887,4,2,0.1,0.25
241,0.08,0.125,0.998454,4,2,0.1,0.25
242,0.08,0.25,0.99637383,4,2,0.1,0.25
243,0.12,0.25,0.9956487,4,2,0.1,0.25
244,0.12,0.375,0.99396884,4,2,0.1,0.25
245,0.68,0.375,0.850682,4,2,0.1,0.25
246,0.68,0.5,0.8312035,4,2,0.1,0.25
247,0.88,0.5,0.65423274,4,2,0.1,0.25
248,0.88,0.75,0.6048147,4,2,0.1,0.25
249,0.96,0.75,0.3455298,4,2,0.1,0.25
250,0.96,1.0,0.005941635,4,2,0.1,0.25
251,1.0,1.0,0.0012078995,4,2,0.1,0.25
252,0.0,0.0,1.9995606,5,2,0.1,0.25
253,0.0,0.125,0.99956065,5,2,0.1,0.25
254,0.12,0.125,0.99407816,5,2,0.1,0.25
255,0.12,0.25,0.99318075,5,2,0.1,0.25
256,0.16,0.25,0.98716575,5,2,0.1,0.25
257,0.16,0.375,0.9842941,5,2,0.1,0.25
258,0.76,0.375,0.52068835,5,2,0.1,0.25
259,0.76,0.5,0.512827,5,2,0.1,0.25
260,0.8,0.5,0.49943495,5,2,0.1,0.25
261,0.8,0.625,0.40863436,5,2,0.1,0.25
262,0.88,0.625,0.31599015,5,2,0.1,0.25
263,0.88,0.75,0.2528251,5,2,0.1,0.25
264,0.96,0.75,0.1004497,5,2,0.1,0.25
265,0.96,1.0,0.0005529404,5,2,0.1,0.25
266,1.0,1.0,0.00013041603,5,2,0.1,0.25
267,0.0,0.0,1.999109,1,3,0.1,0.05
268,0.03125,0.0,0.99910897,1,3,0.1,0.05
269,0.1875,0.0,0.82100695,1,3,0.1,0.05
270,0.1875,1.0,0.70866746,1,3,0.1,0.05
271,1.0,1.0,0.005172116,1,3,0.1,0.05
272,0.0,0.0,1.9997842,2,3,0.1,0.05
273,0.03125,0.0,0.9997842,2,3,0.1,0.05
274,0.21875,0.0,0.78881586,2,3,0.1,0.05
275,0.21875,1.0,0.7616765,2,3,0.1,0.05
276,1.0,1.0,0.002944054,2,3,0.1,0.05
277,0.0,0.0,1.9987407,3,3,0.1,0.05
278,0.03125,0.0,0.99874073,3,3,0.1,0.05
279,0.1875,0.0,0.79401904,3,3,0.1,0.05
280,0.1875,1.0,0.67884827,3,3,0.1,0.05
281,1.0,1.0,0.00345332,3,3,0.1,0.05
282,0.0,0.0,1.9993142,4,3,0.1,0.05
283,0.03125,0.0,0.9993142,4,3,0.1,0.05
284,0.28125,0.0,0.66999054,4,3,0.1,0.05
285,0.28125,1.0,0.6672558,4,3,0.1,0.05
286,1.0,1.0,0.0048076943,4,3,0.1,0.05
287,0.0,0.0,1.9996545,5,3,0.1,0.05
288,0.03125,0.0,0.99965453,5,3,0.1,0.05
289,0.25,0.0,0.63130105,5,3,0.1,0.05
290,0.25,1.0,0.5980238,5,3,0.1,0.05
291,1.0,1.0,0.0027783818,5,3,0.1,0.05
292,0.0,0.0,1.998213,1,3,0.1,0.1
293,0.03333333333333333,0.0,0.99821305,1,3,0.1,0.1
294,0.23333333333333334,0.0,0.98249406,1,3,0.1,0.1
295,0.23333333333333334,0.3333333333333333,0.9820987,1,3,0.1,0.1
296,0.3,0.3333333333333333,0.9773187,1,3,0.1,0.1
297,0.3,0.6666666666666666,0.9767244,1,3,0.1,0.1
298,0.36666666666666664,0.6666666666666666,0.9724286,1,3,0.1,0.1
299,0.36666666666666664,1.0,0.961884,1,3,0.1,0.1
300,1.0,1.0,0.001367088,1,3,0.1,0.1
301,0.0,0.0,1.9991592,2,3,0.1,0.1
302,0.03333333333333333,0.0,0.9991592,2,3,0.1,0.1
303,0.2,0.0,0.98903114,2,3,0.1,0.1
304,0.2,0.3333333333333333,0.9888136,2,3,0.1,0.1
305,0.36666666666666664,0.3333333333333333,0.9757967,2,3,0.1,0.1
306,0.36666666666666664,0.6666666666666666,0.9743999,2,3,0.1,0.1
307,0.4,0.6666666666666666,0.9576994,2,3,0.1,0.1
308,0.4,1.0,0.9515487,2,3,0.1,0.1
309,1.0,1.0,0.0012437091,2,3,0.1,0.1
310,0.0,0.0,1.9984531,3,3,0.1,0.1
311,0.03333333333333333,0.0,0.99845314,3,3,0.1,0.1
312,0.3,0.0,0.979487,3,3,0.1,0.1
313,0.3,0.6666666666666666,0.9694718,3,3,0.1,0.1
314,0.4,0.6666666666666666,0.956316,3,3,0.1,0.1
315,0.4,1.0,0.9516367,3,3,0.1,0.1
316,1.0,1.0,0.0006896641,3,3,0.1,0.1
317,0.0,0.0,1.999105,4,3,0.1,0.1
318,0.03333333333333333,0.0,0.9991049,4,3,0.1,0.1
319,0.16666666666666666,0.0,0.9912077,4,3,0.1,0.1
320,0.16666666666666666,0.3333333333333333,0.99044865,4,3,0.1,0.1
321,0.3333333333333333,0.3333333333333333,0.9764006,4,3,0.1,0.1
322,0.3333333333333333,0.6666666666666666,0.96833616,4,3,0.1,0.1
323,0.4666666666666667,0.6666666666666666,0.9420663,4,3,0.1,0.1
324,0.4666666666666667,1.0,0.9391852,4,3,0.1,0.1
325,1.0,1.0,0.0010819642,4,3,0.1,0.1
326,0.0,0.0,1.9983538,5,3,0.1,0.1
327,0.03333333333333333,0.0,0.99835384,5,3,0.1,0.1
328,0.13333333333333333,0.0,0.9808436,5,3,0.1,0.1
329,0.13333333333333333,0.3333333333333333,0.9801467,5,3,0.1,0.1
330,0.2,0.3333333333333333,0.96882087,5,3,0.1,0.1
331,0.2,0.6666666666666666,0.963851,5,3,0.1,0.1
332,0.36666666666666664,0.6666666666666666,0.93431544,5,3,0.1,0.1
333,0.36666666666666664,1.0,0.9311556,5,3,0.1,0.1
334,1.0,1.0,0.0011156263,5,3,0.1,0.1
335,0.0,0.0,1.9987335,1,3,0.1,0.25
336,0.04,0.0,0.9987336,1,3,0.1,0.25
337,0.08,0.0,0.9965082,1,3,0.1,0.25
338,0.08,0.125,0.9852498,1,3,0.1,0.25
339,0.16,0.125,0.9464008,1,3,0.1,0.25
340,0.16,0.375,0.7895442,1,3,0.1,0.25
341,0.2,0.375,0.7510988,1,3,0.1,0.25
342,0.2,0.625,0.45932764,1,3,0.1,0.25
343,0.72,0.625,0.20473877,1,3,0.1,0.25
344,0.72,0.75,0.14797308,1,3,0.1,0.25
345,0.96,0.75,0.007329167,1,3,0.1,0.25
346,0.96,1.0,0.0035540052,1,3,0.1,0.25
347,1.0,1.0,0.002486964,1,3,0.1,0.25
348,0.0,0.0,1.9987992,2,3,0.1,0.25
349,0.04,0.0,0.9987992,2,3,0.1,0.25
350,0.08,0.0,0.9972072,2,3,0.1,0.25
351,0.08,0.125,0.9842494,2,3,0.1,0.25
352,0.16,0.125,0.9586436,2,3,0.1,0.25
353,0.16,0.375,0.79790825,2,3,0.1,0.25
354,0.2,0.375,0.77102995,2,3,0.1,0.25
355,0.2,0.5,0.7653918,2,3,0.1,0.25
356,0.28,0.5,0.5716767,2,3,0.1,0.25
357,0.28,0.625,0.5397188,2,3,0.1,0.25
358,0.68,0.625,0.15776603,2,3,0.1,0.25
359,0.68,0.75,0.12716712,2,3,0.1,0.25
360,0.92,0.75,0.011024036,2,3,0.1,0.25
361,0.92,0.875,0.0038807217,2,3,0.1,0.25
362,0.96,0.875,0.0032522222,2,3,0.1,0.25
363,0.96,1.0,0.00203734,2,3,0.1,0.25
364,1.0,1.0,0.0011768613,2,3,0.1,0.25
365,0.0,0.0,1.9988873,3,3,0.1,0.25
366,0.04,0.0,0.99888724,3,3,0.1,0.25
367,0.08,0.0,0.9973949,3,3,0.1,0.25
368,0.08,0.125,0.99066305,3,3,0.1,0.25
369,0.16,0.125,0.9549509,3,3,0.1,0.25
370,0.16,0.5,0.8072008,3,3,0.1,0.25
371,0.2,0.5,0.7140673,3,3,0.1,0.25
372,0.2,0.625,0.49649197,3,3,0.1,0.25
373,0.68,0.625,0.14131904,3,3,0.1,0.25
374,0.68,0.75,0.13908403,3,3,0.1,0.25
375,0.96,0.75,0.0070522726,3,3,0.1,0.25
376,0.96,1.0,0.0027625125,3,3,0.1,0.25
377,1.0,1.0,0.0018678416,3,3,0.1,0.25
378,0.0,0.0,1.9986446,4,3,0.1,0.25
379,0.04,0.0,0.99864465,4,3,0.1,0.25
380,0.08,0.0,0.9965282,4,3,0.1,0.25
381,0.08,0.125,0.9878555,4,3,0.1,0.25
382,0.12,0.125,0.9716067,4,3,0.1,0.25
383,0.12,0.25,0.9553209,4,3,0.1,0.25
384,0.16,0.25,0.93660456,4,3,0.1,0.25
385,0.16,0.5,0.7205183,4,3,0.1,0.25
386,0.24,0.5,0.48269996,4,3,0.1,0.25
387,0.24,0.625,0.46099812,4,3,0.1,0.25
388,0.76,0.625,0.117596224,4,3,0.1,0.25
389,0.76,0.75,0.10320007,4,3,0.1,0.25
390,0.96,0.75,0.006172975,4,3,0.1,0.25
391,0.96,1.0,0.0022392129,4,3,0.1,0.25
392,1.0,1.0,0.0019461504,4,3,0.1,0.25
393,0.0,0.0,1.9995232,5,3,0.1,0.25
394,0.04,0.0,0.99952316,5,3,0.1,0.25
395,0.12,0.0,0.98991686,5,3,0.1,0.25
396,0.12,0.125,0.98691756,5,3,0.1,0.25
397,0.16,0.125,0.97931564,5,3,0.1,0.25
398,0.16,0.25,0.9450345,5,3,0.1,0.25
399,0.2,0.25,0.82822883,5,3,0.1,0.25
400,0.2,0.625,0.53781766,5,3,0.1,0.25
401,0.8,0.625,0.11508189,5,3,0.1,0.25
402,0.8,0.75,0.10124823,5,3,0.1,0.25
403,0.92,0.75,0.01817443,5,3,0.1,0.25
404,0.92,0.875,0.00460003,5,3,0.1,0.25
405,0.96,0.875,0.003912231,5,3,0.1,0.25
406,0.96,1.0,0.0019946946,5,3,0.1,0.25
407,1.0,1.0,0.0016427548,5,3,0.1,0.25
408,0.0,0.0,1.9980837,1,4,0.1,0.05
409,0.0,1.0,0.9980837,1,4,0.1,0.05
410,1.0,1.0,0.0013076812,1,4,0.1,0.05
411,0.0,0.0,1.9997668,2,4,0.1,0.05
412,0.03125,0.0,0.99976677,2,4,0.1,0.05
413,0.03125,1.0,0.9995765,2,4,0.1,0.05
414,1.0,1.0,0.0011797441,2,4,0.1,0.05
415,0.0,0.0,1.9992111,3,4,0.1,0.05
416,0.03125,0.0,0.9992111,3,4,0.1,0.05
417,0.03125,1.0,0.9991375,3,4,0.1,0.05
418,1.0,1.0,0.002827599,3,4,0.1,0.05
419,0.0,0.0,1.9995663,4,4,0.1,0.05
420,0.03125,0.0,0.9995664,4,4,0.1,0.05
421,0.03125,1.0,0.999551,4,4,0.1,0.05
422,1.0,1.0,0.00088934414,4,4,0.1,0.05
423,0.0,0.0,1.9997478,5,4,0.1,0.05
424,0.03125,0.0,0.9997477,5,4,0.1,0.05
425,0.03125,1.0,0.9996927,5,4,0.1,0.05
426,1.0,1.0,0.0016898633,5,4,0.1,0.05
427,0.0,0.0,1.998091,1,4,0.1,0.1
428,0.03333333333333333,0.0,0.9980909,1,4,0.1,0.1
429,0.03333333333333333,0.3333333333333333,0.9980038,1,4,0.1,0.1
430,0.13333333333333333,0.3333333333333333,0.9919619,1,4,0.1,0.1
431,0.13333333333333333,0.6666666666666666,0.9908229,1,4,0.1,0.1
432,0.4666666666666667,0.6666666666666666,0.8661848,1,4,0.1,0.1
433,0.4666666666666667,1.0,0.827139,1,4,0.1,0.1
434,1.0,1.0,0.0013177044,1,4,0.1,0.1
435,0.0,0.0,1.9984393,2,4,0.1,0.1
436,0.0,0.3333333333333333,0.9984394,2,4,0.1,0.1
437,0.13333333333333333,0.3333333333333333,0.9945381,2,4,0.1,0.1
438,0.13333333333333333,0.6666666666666666,0.9901894,2,4,0.1,0.1
439,0.4666666666666667,0.6666666666666666,0.8252242,2,4,0.1,0.1
440,0.4666666666666667,1.0,0.7691927,2,4,0.1,0.1
441,1.0,1.0,0.0015709678,2,4,0.1,0.1
442,0.0,0.0,1.9989626,3,4,0.1,0.1
443,0.03333333333333333,0.0,0.99896264,3,4,0.1,0.1
444,0.03333333333333333,0.3333333333333333,0.99697006,3,4,0.1,0.1
445,0.2,0.3333333333333333,0.98991245,3,4,0.1,0.1
446,0.2,0.6666666666666666,0.984976,3,4,0.1,0.1
447,0.5,0.6666666666666666,0.79205066,3,4,0.1,0.1
448,0.5,1.0,0.7764661,3,4,0.1,0.1
449,1.0,1.0,0.0011931004,3,4,0.1,0.1
450,0.0,0.0,1.9978924,4,4,0.1,0.1
451,0.03333333333333333,0.0,0.99789244,4,4,0.1,0.1
452,0.03333333333333333,0.3333333333333333,0.99771845,4,4,0.1,0.1
453,0.13333333333333333,0.3333333333333333,0.9911376,4,4,0.1,0.1
454,0.13333333333333333,0.6666666666666666,0.9874756,4,4,0.1,0.1
455,0.5,0.6666666666666666,0.8074839,4,4,0.1,0.1
456,0.5,1.0,0.7650605,4,4,0.1,0.1
457,1.0,1.0,0.0025822304,4,4,0.1,0.1
458,0.0,0.0,1.9979914,5,4,0.1,0.1
459,0.03333333333333333,0.0,0.99799144,5,4,0.1,0.1
460,0.03333333333333333,0.3333333333333333,0.9977635,5,4,0.1,0.1
461,0.16666666666666666,0.3333333333333333,0.98842317,5,4,0.1,0.1
462,0.16666666666666666,0.6666666666666666,0.98799545,5,4,0.1,0.1
463,0.4666666666666667,0.6666666666666666,0.8203262,5,4,0.1,0.1
464,0.4666666666666667,1.0,0.7903048,5,4,0.1,0.1
465,1.0,1.0,0.001461588,5,4,0.1,0.1
466,0.0,0.0,1.9983369,1,4,0.1,0.25
467,0.0,0.125,0.9983369,1,4,0.1,0.25
468,0.0,0.375,0.98849714,1,4,0.1,0.25
469,0.04,0.375,0.9675609,1,4,0.1,0.25
470,0.04,0.5,0.96163285,1,4,0.1,0.25
471,0.16,0.5,0.9452387,1,4,0.1,0.25
472,0.16,0.75,0.91811967,1,4,0.1,0.25
473,0.32,0.75,0.7853521,1,4,0.1,0.25
474,0.32,0.875,0.7571016,1,4,0.1,0.25
475,0.76,0.875,0.30089217,1,4,0.1,0.25
476,0.76,1.0,0.10733386,1,4,0.1,0.25
477,1.0,1.0,0.003180093,1,4,0.1,0.25
478,0.0,0.0,1.9987967,2,4,0.1,0.25
479,0.0,0.125,0.9987967,2,4,0.1,0.25
480,0.0,0.375,0.99035454,2,4,0.1,0.25
481,0.04,0.375,0.9739646,2,4,0.1,0.25
482,0.04,0.5,0.96839744,2,4,0.1,0.25
483,0.08,0.5,0.9683348,2,4,0.1,0.25
484,0.08,0.625,0.9613923,2,4,0.1,0.25
485,0.2,0.625,0.91653466,2,4,0.1,0.25
486,0.2,0.75,0.9155666,2,4,0.1,0.25
487,0.28,0.75,0.8637973,2,4,0.1,0.25
488,0.28,0.875,0.8405579,2,4,0.1,0.25
489,0.76,0.875,0.25197777,2,4,0.1,0.25
490,0.76,1.0,0.09360006,2,4,0.1,0.25
491,1.0,1.0,0.0046728123,2,4,0.1,0.25
492,0.0,0.0,1.9990977,3,4,0.1,0.25
493,0.0,0.125,0.9990977,3,4,0.1,0.25
494,0.0,0.375,0.9909135,3,4,0.1,0.25
495,0.12,0.375,0.95023847,3,4,0.1,0.25
496,0.12,0.5,0.9481465,3,4,0.1,0.25
497,0.16,0.5,0.94800705,3,4,0.1,0.25
498,0.16,0.625,0.9447203,3,4,0.1,0.25
499,0.2,0.625,0.8788343,3,4,0.1,0.25
500,0.2,0.75,0.8560173,3,4,0.1,0.25
501,0.36,0.75,0.7534548,3,4,0.1,0.25
502,0.36,0.875,0.7202628,3,4,0.1,0.25
503,0.76,0.875,0.23108041,3,4,0.1,0.25
504,0.76,1.0,0.052433282,3,4,0.1,0.25
505,1.0,1.0,0.002229571,3,4,0.1,0.25
506,0.0,0.0,1.9982252,4,4,0.1,0.25
507,0.0,0.125,0.99822515,4,4,0.1,0.25
508,0.0,0.375,0.9932018,4,4,0.1,0.25
509,0.12,0.375,0.96761817,4,4,0.1,0.25
510,0.12,0.625,0.9591012,4,4,0.1,0.25
511,0.2,0.625,0.92358655,4,4,0.1,0.25
512,0.2,0.75,0.89749795,4,4,0.1,0.25
513,0.4,0.75,0.867562,4,4,0.1,0.25
514,0.4,0.875,0.7599852,4,4,0.1,0.25
515,0.76,0.875,0.31003788,4,4,0.1,0.25
516,0.76,1.0,0.11595691,4,4,0.1,0.25
517,1.0,1.0,0.003917117,4,4,0.1,0.25
518,0.0,0.0,1.9989203,5,4,0.1,0.25
519,0.0,0.125,0.9989203,5,4,0.1,0.25
520,0.0,0.375,0.99286497,5,4,0.1,0.25
521,0.16,0.375,0.96393645,5,4,0.1,0.25
522,0.16,0.75,0.877972,5,4,0.1,0.25
523,0.48,0.75,0.7318266,5,4,0.1,0.25
524,0.48,0.875,0.72479033,5,4,0.1,0.25
525,0.76,0.875,0.13730681,5,4,0.1,0.25
526,0.76,1.0,0.0571696,5,4,0.1,0.25
527,1.0,1.0,0.0019898922,5,4,0.1,0.25
